EmployeeID,FirstName,LastName,Position,Email,PhoneNumber,BranchID
1,Zacharias,Gress,Geologist IV,zgress0@china.com.cn,581-502-3801,59
2,Jae,Endean,Analyst Programmer,jendean1@comcast.net,376-747-4266,52
3,Olenolin,Greenall,Senior Cost Accountant,ogreenall2@mac.com,340-277-9647,14
4,Laney,Harston,Marketing Manager,lharston3@w3.org,542-915-3784,78
5,Daniela,Pattison,Senior Developer,dpattison4@technorati.com,352-468-8150,11
6,Marline,Gladwell,Structural Analysis Engineer,mgladwell5@newyorker.com,854-745-5580,43
7,Aidan,Ambrogini,Office Assistant III,aambrogini6@state.tx.us,890-982-8575,16
8,Arleta,Blanket,Project Manager,ablanket7@examiner.com,576-386-3700,84
9,Bonita,Di Franceschi,Director of Sales,bdifranceschi8@quantcast.com,949-465-8914,54
10,Binky,Rowaszkiewicz,Operator,browaszkiewicz9@mozilla.com,396-710-7666,58
11,Frannie,Hawkslee,Mechanical Systems Engineer,fhawksleea@nasa.gov,858-895-0532,15
12,Brandi,Pryor,GIS Technical Architect,bpryorb@a8.net,305-723-4805,58
13,Devi,Beddall,Actuary,dbeddallc@webs.com,382-420-7765,42
14,Sherie,Bradie,Executive Secretary,sbradied@elegantthemes.com,789-598-0861,70
15,Randene,Normanvill,Senior Quality Engineer,rnormanville@globo.com,698-152-0797,57
16,Marlie,Bruggen,Chemical Engineer,mbruggenf@opensource.org,376-109-5269,93
17,Rriocard,McCaughen,Desktop Support Technician,rmccaugheng@xinhuanet.com,121-159-4273,72
18,Bernie,Calafato,Nurse,bcalafatoh@ucoz.ru,184-763-5350,43
19,Rosalyn,Rochelle,Senior Quality Engineer,rrochellei@marketwatch.com,647-467-4095,63
20,Marybeth,Credland,Occupational Therapist,mcredlandj@cocolog-nifty.com,660-531-2378,57
21,Elenore,Dann,Geologist IV,edannk@ucla.edu,857-227-3926,45
22,Bridgette,Mateescu,Sales Representative,bmateescul@sfgate.com,377-159-0330,37
23,Cart,Tzarkov,Business Systems Development Analyst,ctzarkovm@cbsnews.com,451-502-1571,80
24,Augie,Aprahamian,Administrative Officer,aaprahamiann@studiopress.com,554-816-9148,70
25,Malachi,Fri,Recruiter,mfrio@exblog.jp,217-788-5445,83
26,Kerrill,Gange,Product Engineer,kgangep@nationalgeographic.com,657-510-2095,36
27,Reamonn,Blakesley,Food Chemist,rblakesleyq@sakura.ne.jp,787-959-2935,11
28,Janetta,Kramer,Associate Professor,jkramerr@dailymotion.com,470-850-9856,84
29,Noella,Hazelby,Senior Financial Analyst,nhazelbys@networkadvertising.org,912-604-5097,85
30,Tandy,Ricco,Civil Engineer,triccot@discuz.net,653-644-6129,66
31,Isidore,Whines,Account Coordinator,iwhinesu@alibaba.com,339-770-4067,42
32,Mercedes,Marieton,Accountant IV,mmarietonv@google.com.hk,147-762-4363,26
33,Britt,Lean,Senior Cost Accountant,bleanw@alibaba.com,758-613-5672,84
34,Cesya,Pirson,Data Coordinator,cpirsonx@wikia.com,445-551-9714,77
35,Hadrian,McTurlough,Administrative Officer,hmcturloughy@webeden.co.uk,295-889-8677,14
36,Adelbert,Brimblecomb,Human Resources Assistant I,abrimblecombz@devhub.com,176-939-5468,58
37,Hilly,Brunesco,Computer Systems Analyst III,hbrunesco10@wired.com,693-955-9344,13
38,Adrian,Houlworth,Analog Circuit Design manager,ahoulworth11@goo.ne.jp,935-203-0602,71
39,Joyan,Lifton,Nurse,jlifton12@reuters.com,947-263-1091,15
40,Petr,MacGilfoyle,Account Executive,pmacgilfoyle13@booking.com,844-727-9252,34
41,Randi,Ferber,Geologist II,rferber14@economist.com,630-194-5149,58
42,Melosa,Manton,Information Systems Manager,mmanton15@boston.com,751-173-2515,87
43,Annissa,Hobbema,Software Test Engineer II,ahobbema16@cnn.com,827-150-7505,12
44,Noach,Maton,Librarian,nmaton17@wordpress.com,817-287-5923,1
45,Brear,Jacmard,VP Quality Control,bjacmard18@buzzfeed.com,831-451-1828,48
46,Arvin,Vittore,Editor,avittore19@gravatar.com,459-546-6473,3
47,Thor,Bonnyson,Health Coach I,tbonnyson1a@wikipedia.org,948-707-6335,81
48,Wendall,Le Count,Payment Adjustment Coordinator,wlecount1b@slideshare.net,508-819-1936,63
49,Gretchen,Ollive,Account Coordinator,gollive1c@who.int,756-169-8864,44
50,Meridith,Ridgway,VP Product Management,mridgway1d@wikipedia.org,719-640-5693,86
51,Ivy,Kybird,Physical Therapy Assistant,ikybird1e@slideshare.net,904-713-9606,83
52,Lotty,Shelp,VP Accounting,lshelp1f@hugedomains.com,255-140-7337,61
53,Dolley,Lamb,Mechanical Systems Engineer,dlamb1g@marketwatch.com,952-637-8480,49
54,Flo,Gutowski,Data Coordinator,fgutowski1h@ameblo.jp,328-156-8006,45
55,Gerhardine,Casterton,Community Outreach Specialist,gcasterton1i@bigcartel.com,508-661-4892,26
56,Carmine,Belfit,Software Test Engineer III,cbelfit1j@godaddy.com,680-704-4288,9
57,Michaelina,Label,Quality Control Specialist,mlabel1k@army.mil,155-184-9186,30
58,Ashton,Wallbank,Safety Technician III,awallbank1l@gmpg.org,765-540-2823,16
59,Barris,Folbige,Analyst Programmer,bfolbige1m@discovery.com,605-418-9743,46
60,Chery,de Guerre,Internal Auditor,cdeguerre1n@baidu.com,600-304-6439,55
61,Tracie,Perott,Speech Pathologist,tperott1o@google.com.hk,502-533-8423,36
62,Aimee,McKilroe,Physical Therapy Assistant,amckilroe1p@de.vu,752-913-8839,96
63,Morey,Kinmond,Research Assistant IV,mkinmond1q@dropbox.com,665-118-1835,81
64,Otho,Galvin,VP Product Management,ogalvin1r@wix.com,705-107-9426,66
65,Enid,Bolduc,Structural Analysis Engineer,ebolduc1s@umn.edu,261-393-2589,88
66,Andeee,Syer,Accountant II,asyer1t@youku.com,501-192-9089,43
67,Perla,Matyushenko,GIS Technical Architect,pmatyushenko1u@youtu.be,551-665-5930,19
68,Trixi,Oulet,Geological Engineer,toulet1v@zimbio.com,143-107-7646,84
69,Blinnie,Gayther,Computer Systems Analyst III,bgayther1w@digg.com,671-374-6061,43
70,Miguel,Trunchion,Web Developer II,mtrunchion1x@tripod.com,205-174-5318,18
71,Cathee,Libbis,Legal Assistant,clibbis1y@4shared.com,116-281-5893,38
72,Karoline,Lared,Mechanical Systems Engineer,klared1z@xing.com,310-773-5749,86
73,Nyssa,Szachniewicz,VP Product Management,nszachniewicz20@phoca.cz,748-158-3695,56
74,Issiah,Chittock,Dental Hygienist,ichittock21@utexas.edu,672-920-5867,78
75,Geri,Oldnall,Social Worker,goldnall22@technorati.com,502-993-2224,6
76,Falkner,Brimblecomb,Research Nurse,fbrimblecomb23@yellowbook.com,252-224-5297,96
77,Hannie,Garbutt,VP Product Management,hgarbutt24@naver.com,628-303-7786,99
78,Jeniece,Newens,Programmer III,jnewens25@twitter.com,337-437-9043,78
79,Hubey,Endrici,Compensation Analyst,hendrici26@bravesites.com,614-768-6597,81
80,Nickey,Vegas,Programmer II,nvegas27@vistaprint.com,716-214-0114,32
81,Lesley,Skeels,Research Associate,lskeels28@123-reg.co.uk,753-395-9127,62
82,Felic,Cottel,Staff Scientist,fcottel29@cocolog-nifty.com,876-191-4974,71
83,Othelia,Dwane,Tax Accountant,odwane2a@naver.com,202-946-3631,51
84,Toinette,Purver,Accounting Assistant III,tpurver2b@prnewswire.com,953-218-0081,99
85,Moshe,Golly,Health Coach II,mgolly2c@amazon.co.uk,568-554-8362,68
86,Evan,Hyman,Help Desk Technician,ehyman2d@cocolog-nifty.com,246-235-0484,28
87,Stephanus,Baton,VP Product Management,sbaton2e@1688.com,462-822-0723,71
88,Tobe,McVity,Speech Pathologist,tmcvity2f@yandex.ru,208-403-4626,14
89,Tildie,Burness,Nurse,tburness2g@pagesperso-orange.fr,997-653-9872,78
90,Barbe,Stothert,Developer III,bstothert2h@mlb.com,248-801-6278,83
91,Dacia,Pople,Senior Financial Analyst,dpople2i@usnews.com,472-884-5004,100
92,Evelin,Noah,Database Administrator I,enoah2j@163.com,537-131-4376,53
93,Dido,Aves,Speech Pathologist,daves2k@themeforest.net,492-638-6597,30
94,Nestor,Clausewitz,Teacher,nclausewitz2l@google.pl,761-995-7345,12
95,Shepherd,Mancell,Accounting Assistant III,smancell2m@abc.net.au,454-632-5319,12
96,Felice,Chadney,Actuary,fchadney2n@springer.com,929-822-4964,44
97,Consuela,Laidel,Staff Scientist,claidel2o@fema.gov,783-281-5053,6
98,Cyrill,Cranston,GIS Technical Architect,ccranston2p@usnews.com,841-184-4451,85
99,Kim,Normanville,Senior Developer,knormanville2q@cbsnews.com,738-412-2750,78
100,Anthiathia,Quilty,Geological Engineer,aquilty2r@umn.edu,647-516-8255,24
101,Zabrina,Prestage,Computer Systems Analyst III,zprestage2s@youtube.com,307-264-0140,78
102,Daisi,Wolseley,Cost Accountant,dwolseley2t@51.la,858-778-7106,77
103,Jase,Stork,Senior Quality Engineer,jstork2u@sun.com,275-636-3508,55
104,Lucas,Coucher,Systems Administrator III,lcoucher2v@aboutads.info,415-771-4981,96
105,Loella,Wolver,Financial Advisor,lwolver2w@ed.gov,684-372-6336,92
106,Lezley,Sussex,Physical Therapy Assistant,lsussex2x@bbb.org,766-155-6376,31
107,Olia,Joannet,Senior Cost Accountant,ojoannet2y@elpais.com,349-687-3980,61
108,Eugenius,Verbeke,Executive Secretary,everbeke2z@youtube.com,142-450-5770,53
109,Roda,Downs,VP Product Management,rdowns30@php.net,224-173-6739,6
110,Ellis,Eubank,Administrative Officer,eeubank31@cnn.com,661-140-7695,39
111,Rabbi,Mariet,Design Engineer,rmariet32@tripadvisor.com,855-901-6348,27
112,Seline,McFadden,Assistant Professor,smcfadden33@friendfeed.com,347-404-2925,20
113,Lucy,Cornborough,Speech Pathologist,lcornborough34@yahoo.co.jp,777-775-3218,97
114,Monica,Grinishin,Electrical Engineer,mgrinishin35@discovery.com,926-920-6598,83
115,Petey,Matiewe,Marketing Manager,pmatiewe36@fda.gov,382-488-8934,10
116,Irina,McKelloch,Analog Circuit Design manager,imckelloch37@examiner.com,308-461-7191,75
117,Barthel,Basek,Business Systems Development Analyst,bbasek38@hao123.com,733-236-8468,89
118,Kimbell,Issacoff,Information Systems Manager,kissacoff39@economist.com,231-134-3124,38
119,Kippy,Shoppee,Web Developer I,kshoppee3a@nyu.edu,875-670-2305,42
120,Gerhard,Freear,Staff Accountant III,gfreear3b@umn.edu,952-722-8153,30
121,Killian,Squibbes,Financial Analyst,ksquibbes3c@themeforest.net,365-384-4309,87
122,Deane,Harlin,VP Sales,dharlin3d@engadget.com,808-222-3576,53
123,Britteny,O' Liddy,Pharmacist,boliddy3e@google.es,702-850-2861,25
124,Eba,Cupper,Desktop Support Technician,ecupper3f@columbia.edu,415-796-7657,32
125,Karlyn,McCullum,Civil Engineer,kmccullum3g@abc.net.au,605-534-9037,2
126,Maryellen,Reany,Financial Advisor,mreany3h@va.gov,563-744-0328,88
127,Goraud,Seater,Accountant II,gseater3i@nasa.gov,813-647-2571,59
128,Dasie,Dommersen,VP Accounting,ddommersen3j@is.gd,373-491-0060,72
129,Dalli,Crosthwaite,Business Systems Development Analyst,dcrosthwaite3k@narod.ru,173-330-3419,91
130,Cosetta,Francescone,Administrative Officer,cfrancescone3l@de.vu,183-613-8273,71
131,Miguelita,Wilfing,Technical Writer,mwilfing3m@printfriendly.com,347-719-2611,73
132,Jemmy,Barnfield,Health Coach II,jbarnfield3n@fotki.com,321-496-0912,32
133,Ingaberg,Poyser,Administrative Assistant IV,ipoyser3o@livejournal.com,460-735-5487,8
134,Sarena,Dumphreys,Safety Technician IV,sdumphreys3p@cisco.com,306-734-3753,94
135,Noel,Priver,Executive Secretary,npriver3q@so-net.ne.jp,647-171-8484,86
136,Matt,Leger,Chemical Engineer,mleger3r@drupal.org,207-730-5806,68
137,Wandie,MacNeilley,Structural Analysis Engineer,wmacneilley3s@deviantart.com,883-692-7288,95
138,Annabela,Arden,Geologist I,aarden3t@google.ru,754-684-9259,95
139,Ardene,McMonies,Pharmacist,amcmonies3u@yahoo.com,635-125-1548,73
140,Oliy,Cottesford,Office Assistant III,ocottesford3v@bizjournals.com,792-353-1313,67
141,Clarita,O'Spellissey,Social Worker,cospellissey3w@1688.com,604-187-4055,75
142,Orin,Akister,Tax Accountant,oakister3x@cmu.edu,900-668-7543,58
143,Ashly,Gogay,Recruiting Manager,agogay3y@webeden.co.uk,950-752-8814,4
144,Nita,Jude,Assistant Manager,njude3z@berkeley.edu,647-785-1363,3
145,Stevie,Woodroff,Associate Professor,swoodroff40@cornell.edu,995-309-3615,97
146,Alejandra,Caveney,Research Nurse,acaveney41@youtube.com,197-165-4461,52
147,Garner,Burbury,Occupational Therapist,gburbury42@blogspot.com,496-725-9837,93
148,Lind,Onion,Librarian,lonion43@github.com,402-152-3989,45
149,Duffy,O'Connell,Geological Engineer,doconnell44@icq.com,503-726-4049,58
150,Travus,Perrinchief,Media Manager IV,tperrinchief45@edublogs.org,114-867-0630,25
151,Bernhard,Iacovo,Legal Assistant,biacovo46@msu.edu,743-357-1681,69
152,Nanon,Slight,Programmer Analyst IV,nslight47@sfgate.com,961-299-4915,20
153,Josh,Yurocjhin,Environmental Tech,jyurocjhin48@sakura.ne.jp,389-826-0341,23
154,Mitchell,Frood,Staff Accountant I,mfrood49@npr.org,304-299-9635,69
155,Anni,Roels,Recruiting Manager,aroels4a@npr.org,752-425-6414,58
156,Linda,Osban,Director of Sales,losban4b@cmu.edu,580-421-4054,29
157,Bogart,Diggin,Recruiter,bdiggin4c@un.org,180-825-2818,23
158,Sig,Martel,Media Manager I,smartel4d@php.net,295-295-2784,16
159,Susann,Faulks,Graphic Designer,sfaulks4e@360.cn,831-490-3160,52
160,Neille,Tschiersch,Software Consultant,ntschiersch4f@macromedia.com,897-643-2350,66
161,Lenka,Llywarch,Legal Assistant,lllywarch4g@sakura.ne.jp,294-834-8274,95
162,Daffi,Vannozzii,Occupational Therapist,dvannozzii4h@scientificamerican.com,197-762-6881,18
163,Guillaume,Jury,Environmental Tech,gjury4i@biglobe.ne.jp,367-136-0272,100
164,Tristan,Stronough,Nuclear Power Engineer,tstronough4j@businessinsider.com,839-748-5408,19
165,Dorothea,Worswick,Software Consultant,dworswick4k@cbslocal.com,216-719-6373,42
166,Chrotoem,Chastagnier,Account Executive,cchastagnier4l@gnu.org,786-643-7533,31
167,Kaylee,Martill,Executive Secretary,kmartill4m@paginegialle.it,755-135-6627,84
168,Francisco,Ricards,Research Nurse,fricards4n@tinypic.com,334-212-9238,46
169,Mia,Sleeman,Dental Hygienist,msleeman4o@drupal.org,236-824-8951,53
170,Rhys,Feldberg,Tax Accountant,rfeldberg4p@wikispaces.com,473-449-7263,27
171,Manya,Goddert.sf,Computer Systems Analyst I,mgoddertsf4q@dailymail.co.uk,361-889-4103,19
172,Aurora,Wakefield,Computer Systems Analyst II,awakefield4r@kickstarter.com,813-669-9873,84
173,Lianna,Whitington,Human Resources Manager,lwhitington4s@hc360.com,996-670-3926,6
174,Georgeanne,Ford,Electrical Engineer,gford4t@tmall.com,874-423-2442,13
175,Massimiliano,Thomann,Systems Administrator III,mthomann4u@sbwire.com,323-452-6211,4
176,Celeste,Yarnold,Nurse,cyarnold4v@ox.ac.uk,296-785-1009,34
177,Tally,Trevascus,Pharmacist,ttrevascus4w@hugedomains.com,234-982-6329,36
178,Kliment,Avrahamoff,Mechanical Systems Engineer,kavrahamoff4x@google.it,991-885-2215,8
179,Gipsy,Leibold,Junior Executive,gleibold4y@skyrock.com,902-500-0562,3
180,Alverta,Chazelas,Junior Executive,achazelas4z@shinystat.com,709-597-0183,32
181,Dev,Grzelczak,VP Product Management,dgrzelczak50@angelfire.com,352-963-7532,1
182,Bryanty,Dockrell,Graphic Designer,bdockrell51@istockphoto.com,248-537-9640,96
183,Graeme,Waldocke,Database Administrator II,gwaldocke52@epa.gov,416-125-7945,82
184,Dalis,Dearth,Desktop Support Technician,ddearth53@theglobeandmail.com,315-114-2235,53
185,Bernadina,Spenley,Recruiter,bspenley54@mayoclinic.com,481-139-3553,83
186,Carey,Fullard,Structural Engineer,cfullard55@multiply.com,800-616-0087,79
187,Gina,Load,Software Test Engineer II,gload56@ft.com,655-819-8042,91
188,Prentice,Olle,Media Manager I,polle57@army.mil,532-347-0557,25
189,Gavra,Ferreira,Research Nurse,gferreira58@sbwire.com,475-487-9446,31
190,Wain,Troctor,Director of Sales,wtroctor59@nifty.com,980-906-8208,21
191,Gwen,Thunders,Research Assistant III,gthunders5a@ihg.com,134-343-2640,49
192,Dirk,Heathwood,Associate Professor,dheathwood5b@discuz.net,928-323-7426,95
193,Elvina,Terney,Recruiter,eterney5c@sciencedaily.com,933-599-8951,12
194,Kale,Silversmid,Web Designer IV,ksilversmid5d@linkedin.com,858-723-7867,92
195,Noemi,Gittis,Sales Representative,ngittis5e@bing.com,485-421-6063,53
196,Amalee,Sjollema,VP Marketing,asjollema5f@over-blog.com,208-237-3439,82
197,Mireille,Kerwen,Civil Engineer,mkerwen5g@tmall.com,160-104-1735,65
198,Chico,Shoulder,Paralegal,cshoulder5h@is.gd,587-778-9385,71
199,Loreen,Favela,Sales Representative,lfavela5i@topsy.com,627-830-6730,80
200,Consuela,Reichert,Administrative Officer,creichert5j@mozilla.com,270-471-5076,82
201,Millie,Inglese,Geological Engineer,minglese5k@smh.com.au,931-571-7995,2
202,Michel,Gulston,Computer Systems Analyst I,mgulston5l@msu.edu,786-713-9378,94
203,Baxie,McCaughren,Engineer I,bmccaughren5m@seesaa.net,729-583-4865,86
204,Bartolomeo,Edmondson,Payment Adjustment Coordinator,bedmondson5n@yellowbook.com,197-447-8611,81
205,Honey,Lampitt,Internal Auditor,hlampitt5o@amazon.com,709-651-2714,15
206,Delaney,Meneux,Developer I,dmeneux5p@xrea.com,711-133-9623,46
207,Frannie,Furmedge,Web Developer III,ffurmedge5q@goodreads.com,433-186-8304,15
208,Sigfrid,Tuffin,Administrative Officer,stuffin5r@google.es,285-925-0862,86
209,Hieronymus,Ostler,Sales Representative,hostler5s@friendfeed.com,307-238-3161,87
210,Josh,Gellibrand,Tax Accountant,jgellibrand5t@sakura.ne.jp,444-181-5932,62
211,Gorden,McOrkil,Actuary,gmcorkil5u@simplemachines.org,594-514-2391,50
212,Lombard,Hounsham,Biostatistician I,lhounsham5v@example.com,472-985-7892,16
213,Gregoor,Clunan,Web Designer III,gclunan5w@paginegialle.it,109-611-2033,46
214,Barty,Huws,Software Test Engineer II,bhuws5x@yellowpages.com,809-139-1703,84
215,Holly,Michal,Staff Scientist,hmichal5y@timesonline.co.uk,396-910-7852,8
216,Maiga,Papen,Director of Sales,mpapen5z@seesaa.net,186-608-4715,36
217,Rosaline,Dew,Biostatistician I,rdew60@constantcontact.com,513-211-2501,80
218,Pace,Sherbrooke,Design Engineer,psherbrooke61@cloudflare.com,529-522-8165,1
219,Lucas,Reaney,Programmer Analyst IV,lreaney62@com.com,262-830-3113,9
220,Luce,Ellard,Payment Adjustment Coordinator,lellard63@tamu.edu,986-786-1199,35
221,Dacia,Lonsbrough,Accounting Assistant III,dlonsbrough64@last.fm,461-659-0042,35
222,Duky,Kington,Nurse,dkington65@yahoo.co.jp,426-191-7698,20
223,Nancy,Toun,Systems Administrator IV,ntoun66@indiegogo.com,590-738-6501,94
224,Tiffani,Booton,Information Systems Manager,tbooton67@spotify.com,593-487-1006,35
225,Hershel,Jacquemard,VP Accounting,hjacquemard68@mapquest.com,336-565-1379,68
226,Priscella,Rushmer,Civil Engineer,prushmer69@accuweather.com,917-136-9320,15
227,Elana,Mallows,GIS Technical Architect,emallows6a@is.gd,645-332-8266,7
228,Yuri,Sotham,Administrative Assistant II,ysotham6b@altervista.org,841-927-3602,85
229,Barney,Chinnery,Project Manager,bchinnery6c@ameblo.jp,275-870-1252,30
230,Elnar,Antoniottii,Software Engineer III,eantoniottii6d@si.edu,268-464-7101,59
231,Marius,Kingsford,Mechanical Systems Engineer,mkingsford6e@dot.gov,546-333-8937,23
232,Arlinda,Norcop,Programmer IV,anorcop6f@disqus.com,220-429-1783,4
233,Ketti,Skim,Paralegal,kskim6g@apple.com,273-175-8649,33
234,Kitti,Mayzes,Database Administrator III,kmayzes6h@tinypic.com,326-702-0670,60
235,Daria,Furlow,Technical Writer,dfurlow6i@nasa.gov,756-516-1218,100
236,Nap,Unwins,Senior Quality Engineer,nunwins6j@eventbrite.com,368-408-8338,34
237,Tedd,Gayle,Software Engineer II,tgayle6k@youku.com,363-848-1722,89
238,Krissy,Codrington,Associate Professor,kcodrington6l@eepurl.com,745-822-6909,31
239,Susette,Jezard,Structural Analysis Engineer,sjezard6m@dot.gov,506-130-4863,1
240,Sinclare,Patsall,Editor,spatsall6n@nba.com,783-477-4828,50
241,Monti,Gorringe,Software Test Engineer II,mgorringe6o@eventbrite.com,228-638-0127,32
242,Rosie,Godley,Registered Nurse,rgodley6p@newsvine.com,877-400-9663,19
243,Latisha,Braxay,Research Assistant II,lbraxay6q@unblog.fr,267-998-6825,4
244,Ariadne,Headland,Research Associate,aheadland6r@cafepress.com,667-307-7444,50
245,Renaud,Wildin,Paralegal,rwildin6s@indiatimes.com,440-832-4513,32
246,Nixie,Butterfint,VP Marketing,nbutterfint6t@sciencedaily.com,698-927-2039,12
247,Tyne,Storch,Product Engineer,tstorch6u@army.mil,451-466-0716,91
248,Jennifer,Cervantes,Information Systems Manager,jcervantes6v@behance.net,224-986-1987,85
249,Enrique,McKennan,Physical Therapy Assistant,emckennan6w@pbs.org,504-409-2804,96
250,Siouxie,Stove,Budget/Accounting Analyst IV,sstove6x@goodreads.com,229-900-5951,11
251,Sascha,Bartak,Environmental Tech,sbartak6y@mapy.cz,157-274-7137,65
252,Slade,Veronique,VP Accounting,sveronique6z@discovery.com,175-987-5164,74
253,Catlee,Tibb,Geologist II,ctibb70@paypal.com,201-810-4145,26
254,Arty,Kinchington,Actuary,akinchington71@pagesperso-orange.fr,788-465-6838,9
255,Alecia,Stutard,Professor,astutard72@addthis.com,174-947-1495,81
256,Ezekiel,Lautie,Civil Engineer,elautie73@mlb.com,793-445-4475,12
257,Amaleta,Vaissiere,Staff Scientist,avaissiere74@salon.com,727-185-0037,69
258,Maighdiln,Barham,Chief Design Engineer,mbarham75@discovery.com,365-934-0444,30
259,Cristy,McPike,Nurse,cmcpike76@reverbnation.com,192-501-4551,48
260,Forester,Darycott,Marketing Manager,fdarycott77@digg.com,989-937-0535,87
261,Lavina,Reisenstein,Physical Therapy Assistant,lreisenstein78@lulu.com,952-734-3646,50
262,Minna,Mawne,Staff Accountant III,mmawne79@github.com,508-207-3333,54
263,Cam,Rodden,Operator,crodden7a@ca.gov,739-390-0877,52
264,Rosalinde,Mylan,Administrative Officer,rmylan7b@dailymotion.com,911-670-1672,67
265,Sherm,Stivani,Physical Therapy Assistant,sstivani7c@mayoclinic.com,789-166-5893,65
266,Ogden,Mongenot,Research Assistant II,omongenot7d@jalbum.net,303-840-7671,92
267,Harbert,Northrop,Statistician III,hnorthrop7e@harvard.edu,946-522-3715,96
268,Buddie,Vagg,Professor,bvagg7f@mac.com,196-172-8401,26
269,Budd,Fryd,Geological Engineer,bfryd7g@shareasale.com,353-967-5243,84
270,Minda,Bentham,Physical Therapy Assistant,mbentham7h@archive.org,221-110-4657,4
271,Karyn,Denton,Help Desk Technician,kdenton7i@springer.com,708-849-8474,72
272,Ariana,Berthelmot,Programmer I,aberthelmot7j@unicef.org,567-928-4170,5
273,Trever,Halsey,Pharmacist,thalsey7k@behance.net,139-422-2742,52
274,Georgeta,Jaggar,Statistician III,gjaggar7l@ft.com,282-679-6793,57
275,Dawn,Mattiussi,Clinical Specialist,dmattiussi7m@wsj.com,622-518-3471,29
276,Monte,Akker,Staff Accountant I,makker7n@flavors.me,894-851-9462,53
277,Pavla,Bewshaw,Recruiting Manager,pbewshaw7o@marketwatch.com,914-299-1609,79
278,Debbi,Padbury,Engineer I,dpadbury7p@51.la,169-673-7958,63
279,Leia,Kalinowsky,Desktop Support Technician,lkalinowsky7q@posterous.com,350-261-1143,84
280,Kizzee,Weadick,Research Associate,kweadick7r@list-manage.com,514-568-1334,23
281,Hobie,Turley,Geological Engineer,hturley7s@clickbank.net,913-120-5033,24
282,Sylvester,Swyer,Structural Engineer,sswyer7t@sfgate.com,267-600-6947,35
283,Jessee,Earle,Teacher,jearle7u@msn.com,267-789-0994,97
284,Monty,Scamadin,Programmer IV,mscamadin7v@xinhuanet.com,494-143-9967,53
285,Dominic,Grigoletti,Cost Accountant,dgrigoletti7w@apache.org,294-816-9190,64
286,Charo,Cawsby,Administrative Assistant IV,ccawsby7x@skyrock.com,251-763-4172,82
287,Merola,Ingon,Chemical Engineer,mingon7y@biblegateway.com,358-487-8071,6
288,Robina,Hunnybun,Assistant Manager,rhunnybun7z@nih.gov,472-533-5727,22
289,Jerrylee,Spearett,Marketing Assistant,jspearett80@dedecms.com,618-429-7533,11
290,Lazare,Crosson,Recruiter,lcrosson81@wikispaces.com,821-505-8660,100
291,Maureene,Jesse,Environmental Tech,mjesse82@etsy.com,746-562-5733,50
292,Claybourne,Casbon,Senior Cost Accountant,ccasbon83@rambler.ru,648-486-9009,29
293,Ardelia,Gladding,Engineer II,agladding84@sciencedirect.com,745-440-5023,76
294,Stephi,Groundwater,Senior Sales Associate,sgroundwater85@icq.com,543-688-8404,73
295,Aurlie,Starford,Nurse Practicioner,astarford86@photobucket.com,362-955-6049,38
296,Marni,Lock,Community Outreach Specialist,mlock87@alexa.com,504-402-8419,9
297,Dicky,Lavalle,Accounting Assistant III,dlavalle88@bloglines.com,742-951-6408,29
298,Ester,Wellings,Research Nurse,ewellings89@hatena.ne.jp,451-462-6286,77
299,Ingamar,Roistone,Account Representative III,iroistone8a@vkontakte.ru,289-763-3847,23
300,Yankee,Cuskery,Marketing Assistant,ycuskery8b@homestead.com,221-247-8707,45
301,Clint,Leband,Registered Nurse,cleband8c@instagram.com,325-290-4043,16
302,Sylvia,Vitet,Product Engineer,svitet8d@hc360.com,625-688-7115,16
303,Melitta,McKim,Software Engineer IV,mmckim8e@edublogs.org,801-933-9631,19
304,Auria,Tidd,Pharmacist,atidd8f@squarespace.com,865-276-5385,8
305,Lola,Shenton,Quality Engineer,lshenton8g@usnews.com,952-558-2090,52
306,Brooks,Kindread,Electrical Engineer,bkindread8h@diigo.com,417-911-4778,62
307,Kinnie,Rentoll,VP Quality Control,krentoll8i@indiatimes.com,863-442-2583,10
308,Philipa,Dacres,Programmer I,pdacres8j@telegraph.co.uk,516-682-1705,71
309,Danyette,O'Nolan,Professor,donolan8k@howstuffworks.com,430-977-3604,21
310,Devin,Alenov,Desktop Support Technician,dalenov8l@example.com,513-737-1726,79
311,Rufe,Kincla,Software Consultant,rkincla8m@jimdo.com,152-292-1027,50
312,Lock,Shoorbrooke,Computer Systems Analyst I,lshoorbrooke8n@netvibes.com,964-763-6049,66
313,Paton,Cahani,Product Engineer,pcahani8o@theguardian.com,372-962-2985,10
314,Cort,Shew,Research Assistant III,cshew8p@hibu.com,726-556-4293,62
315,Ransell,Evens,Data Coordinator,revens8q@bloglovin.com,487-923-9727,71
316,Michelina,Manhare,Tax Accountant,mmanhare8r@admin.ch,925-838-9158,71
317,Alanah,Axworthy,Chemical Engineer,aaxworthy8s@imgur.com,292-201-9267,97
318,Thebault,Houlworth,Geologist IV,thoulworth8t@discovery.com,828-705-5220,47
319,Kalina,Buckhurst,Staff Scientist,kbuckhurst8u@youku.com,311-190-0979,34
320,Misha,Holdin,Engineer IV,mholdin8v@tumblr.com,927-295-5486,86
321,Jervis,Barthorpe,Analog Circuit Design manager,jbarthorpe8w@ebay.com,689-112-7737,39
322,Fayina,Peyro,Registered Nurse,fpeyro8x@1und1.de,232-188-3969,30
323,Ninon,Hansmann,Operator,nhansmann8y@google.com.au,986-646-4977,69
324,Sheryl,Cullivan,Food Chemist,scullivan8z@issuu.com,650-362-8714,87
325,Silvanus,Sharrier,Quality Control Specialist,ssharrier90@stanford.edu,921-485-5237,17
326,Terrye,Coulson,VP Accounting,tcoulson91@plala.or.jp,611-934-0423,35
327,D'arcy,Edgworth,Chief Design Engineer,dedgworth92@booking.com,763-380-8564,62
328,Drugi,Antonoyev,Tax Accountant,dantonoyev93@arizona.edu,273-766-8048,40
329,Carmina,Semonin,Software Consultant,csemonin94@bandcamp.com,623-924-7181,16
330,Sybyl,Goodger,Marketing Assistant,sgoodger95@auda.org.au,160-724-8742,38
331,Leanora,Loyns,Actuary,lloyns96@quantcast.com,133-875-5457,43
332,Giorgia,Leadbetter,Junior Executive,gleadbetter97@bloomberg.com,353-566-8546,34
333,Timmy,Twells,Systems Administrator III,ttwells98@google.cn,590-802-9896,95
334,Karon,Maus,Junior Executive,kmaus99@imgur.com,952-829-3723,4
335,Loy,Keilty,Junior Executive,lkeilty9a@nationalgeographic.com,823-271-3272,29
336,Garvin,Cardon,Teacher,gcardon9b@hubpages.com,350-842-4179,34
337,Sonnnie,Cockram,Quality Control Specialist,scockram9c@instagram.com,711-140-1882,91
338,Jana,Olivella,Account Executive,jolivella9d@netvibes.com,356-410-8719,23
339,Sonny,Letham,Quality Control Specialist,sletham9e@state.tx.us,162-339-6524,70
340,Walt,Doy,Software Test Engineer II,wdoy9f@com.com,721-837-6433,55
341,Gareth,Benterman,Actuary,gbenterman9g@google.ca,655-741-0926,59
342,Liesa,Rastall,Operator,lrastall9h@latimes.com,801-275-8140,92
343,Natasha,Rist,Payment Adjustment Coordinator,nrist9i@gizmodo.com,446-970-3610,86
344,Tobias,Dollman,VP Accounting,tdollman9j@dmoz.org,858-990-1948,54
345,Gery,Van,Computer Systems Analyst IV,gvan9k@mac.com,155-493-0829,42
346,Harwilll,Conti,Help Desk Operator,hconti9l@slate.com,101-862-9175,70
347,Beitris,Kinnie,Internal Auditor,bkinnie9m@skyrock.com,357-956-0340,5
348,Ruthi,Izsak,Administrative Officer,rizsak9n@com.com,422-223-9596,83
349,Dawna,Ketley,Health Coach III,dketley9o@arstechnica.com,874-916-7418,51
350,Othella,Borrington,Associate Professor,oborrington9p@dyndns.org,348-138-1800,60
351,Verne,Faltin,Senior Editor,vfaltin9q@w3.org,436-107-6880,47
352,Allin,Flewitt,Media Manager I,aflewitt9r@baidu.com,719-326-2120,91
353,Ros,Tarbard,Payment Adjustment Coordinator,rtarbard9s@ebay.com,386-503-8847,60
354,Gilligan,Akid,Health Coach III,gakid9t@msu.edu,548-477-3626,2
355,Skipton,Armitage,Automation Specialist I,sarmitage9u@barnesandnoble.com,292-449-5588,66
356,Cody,Stote,Operator,cstote9v@ucsd.edu,228-332-6008,34
357,Bernetta,Strase,Web Designer II,bstrase9w@nytimes.com,246-316-8002,35
358,Lucilia,Viscovi,Junior Executive,lviscovi9x@examiner.com,933-744-0333,7
359,Sampson,Smillie,Software Engineer III,ssmillie9y@alibaba.com,239-143-7190,7
360,Meredith,Nobles,Dental Hygienist,mnobles9z@apache.org,172-152-7054,29
361,Bo,Corhard,Environmental Specialist,bcorharda0@barnesandnoble.com,616-877-4486,1
362,Lona,Vero,Data Coordinator,lveroa1@aboutads.info,164-657-6147,11
363,Clemence,Huckel,Accountant IV,chuckela2@wisc.edu,554-500-0126,98
364,Ernesto,Barensky,Speech Pathologist,ebarenskya3@comcast.net,586-618-3811,81
365,Susanne,Ales0,Food Chemist,salesa4@geocities.jp,120-833-1728,35
366,Gilbert,Cund,Accounting Assistant I,gcunda5@fotki.com,717-111-8044,95
367,Kaiser,Gerling,Recruiter,kgerlinga6@google.pl,804-763-2535,9
368,Grissel,Eldered,Structural Analysis Engineer,geldereda7@xrea.com,987-668-9018,27
369,Tootsie,Zealy,Actuary,tzealya8@wp.com,681-642-8209,32
370,Salvador,Slatcher,Account Executive,sslatchera9@paginegialle.it,142-601-6790,49
371,Donetta,Mason,Nurse,dmasonaa@netlog.com,284-587-1681,86
372,Fancy,Taffs,Senior Sales Associate,ftaffsab@devhub.com,428-538-7017,66
373,Marilee,Pattington,Librarian,mpattingtonac@utexas.edu,512-990-7982,70
374,Jennie,Keefe,Occupational Therapist,jkeefead@360.cn,197-902-3319,16
375,Paco,Stennes,Project Manager,pstennesae@foxnews.com,186-447-0616,17
376,Hobart,MattiCCI,Design Engineer,hmatticciaf@statcounter.com,567-314-3863,1
377,Rachele,Miebes,Staff Accountant III,rmiebesag@auda.org.au,621-308-5131,17
378,Mahmud,Ferrer,Payment Adjustment Coordinator,mferrerah@bbb.org,453-377-5814,88
379,Mirna,Saben,Chemical Engineer,msabenai@oakley.com,631-350-9208,96
380,Germaine,Gerrelt,Statistician II,ggerreltaj@state.gov,544-277-1854,86
381,Mohandis,Haversum,Marketing Assistant,mhaversumak@tmall.com,651-244-7876,98
382,Dmitri,Camili,Desktop Support Technician,dcamilial@sakura.ne.jp,626-850-9944,76
383,Kessia,Clyne,Financial Analyst,kclyneam@hibu.com,980-521-6785,31
384,Tisha,Derr,Cost Accountant,tderran@usa.gov,230-531-4628,94
385,Aeriel,Denisevich,Safety Technician I,adenisevichao@nhs.uk,483-961-6327,25
386,Pooh,Cheek,Technical Writer,pcheekap@mtv.com,348-550-3191,15
387,Malia,Geill,Automation Specialist IV,mgeillaq@washingtonpost.com,699-780-7165,16
388,Tedmund,Perrat,Junior Executive,tperratar@myspace.com,333-499-7099,63
389,Salem,Troak,Human Resources Manager,stroakas@stumbleupon.com,302-767-6614,63
390,Avie,Wipfler,Media Manager IV,awipflerat@forbes.com,191-478-4397,22
391,Malchy,Burnsall,Web Developer I,mburnsallau@photobucket.com,630-712-8495,47
392,Mel,Kneaphsey,Administrative Officer,mkneaphseyav@clickbank.net,384-243-3952,11
393,Hurley,Alfonsini,Nurse Practicioner,halfonsiniaw@engadget.com,305-387-8729,2
394,Corabel,Nutman,VP Accounting,cnutmanax@imageshack.us,550-850-5828,17
395,Tuck,McGrayle,Data Coordinator,tmcgrayleay@google.co.jp,412-261-5454,1
396,Wilton,Banane,Physical Therapy Assistant,wbananeaz@mac.com,811-663-0155,2
397,Aurel,Josifovitz,Software Engineer I,ajosifovitzb0@google.cn,970-843-6584,48
398,Marillin,Vasin,Tax Accountant,mvasinb1@whitehouse.gov,893-756-2167,69
399,Roxana,Saffen,Financial Analyst,rsaffenb2@senate.gov,281-659-5280,74
400,Rasia,Ainley,Media Manager II,rainleyb3@hao123.com,161-224-0075,52
401,Clement,Mogg,Assistant Professor,cmoggb4@cdc.gov,257-389-2246,94
402,Lamond,Clair,Senior Sales Associate,lclairb5@meetup.com,402-515-9967,10
403,Wanda,Rennebeck,Editor,wrennebeckb6@google.it,710-366-3866,39
404,Loni,Mcsarry,Accounting Assistant II,lmcsarryb7@hatena.ne.jp,743-921-6091,90
405,Idelle,Greeveson,Structural Analysis Engineer,igreevesonb8@npr.org,226-910-7092,30
406,Lucinda,Jacquest,Marketing Assistant,ljacquestb9@whitehouse.gov,539-296-3059,12
407,Sutherlan,Munkley,Structural Engineer,smunkleyba@hao123.com,467-615-5834,67
408,Flynn,Livingstone,Business Systems Development Analyst,flivingstonebb@bbc.co.uk,378-147-2388,41
409,Hervey,Biset,Senior Sales Associate,hbisetbc@freewebs.com,788-624-6657,100
410,Larina,Yurtsev,Professor,lyurtsevbd@upenn.edu,536-427-4649,16
411,Gwendolyn,Marciskewski,Food Chemist,gmarciskewskibe@hud.gov,751-816-0865,96
412,Pet,Pattullo,Marketing Manager,ppattullobf@about.com,752-964-5566,95
413,Eve,Martindale,VP Quality Control,emartindalebg@usa.gov,263-403-0254,75
414,Angelia,Fishley,Actuary,afishleybh@smugmug.com,689-508-0496,47
415,Pansie,Westwood,Desktop Support Technician,pwestwoodbi@reddit.com,774-506-6600,2
416,Mort,Elms,Occupational Therapist,melmsbj@globo.com,805-361-9084,72
417,Gretta,Brockley,Food Chemist,gbrockleybk@t.co,949-875-4011,11
418,Mychal,Dounbare,Web Designer I,mdounbarebl@miibeian.gov.cn,666-928-2939,20
419,Darcy,Michele,Staff Accountant III,dmichelebm@desdev.cn,657-825-6473,91
420,Josh,Oblein,Data Coordinator,jobleinbn@hugedomains.com,389-170-2551,97
421,Ed,Joutapavicius,VP Quality Control,ejoutapaviciusbo@ca.gov,334-893-4680,62
422,Ervin,Gomes,Librarian,egomesbp@ow.ly,383-159-6817,51
423,Hershel,Chaters,Assistant Media Planner,hchatersbq@symantec.com,182-917-6359,87
424,Amandi,Wilcher,Systems Administrator I,awilcherbr@youtu.be,544-979-1154,93
425,Keenan,Linzey,Quality Engineer,klinzeybs@g.co,457-122-5530,37
426,Wyatt,Biddiss,General Manager,wbiddissbt@sina.com.cn,644-482-5791,27
427,Christie,Toomer,VP Product Management,ctoomerbu@ycombinator.com,819-500-6663,51
428,Remy,MacFadden,Software Engineer III,rmacfaddenbv@joomla.org,317-912-6464,100
429,Mercy,Jefferys,Occupational Therapist,mjefferysbw@nps.gov,366-905-2057,71
430,Petronille,Cudbertson,Human Resources Assistant IV,pcudbertsonbx@hp.com,501-805-0347,22
431,Gina,Meier,Administrative Officer,gmeierby@elegantthemes.com,268-498-8269,22
432,Gaston,Menchenton,Civil Engineer,gmenchentonbz@cnbc.com,566-342-6537,20
433,Kristofer,Aujouanet,Quality Engineer,kaujouanetc0@marketwatch.com,745-315-6255,34
434,Jasmine,McCarrick,Software Test Engineer I,jmccarrickc1@tiny.cc,127-991-9321,38
435,Sharline,Lardier,VP Accounting,slardierc2@prlog.org,626-737-6046,61
436,Trixie,Gainsford,Human Resources Assistant I,tgainsfordc3@cdc.gov,873-751-3238,51
437,Danit,Lakenden,Accountant III,dlakendenc4@studiopress.com,812-779-4113,23
438,Floyd,Feasby,Mechanical Systems Engineer,ffeasbyc5@reuters.com,996-620-1729,73
439,Humfrid,Grimsdale,Data Coordinator,hgrimsdalec6@google.pl,622-480-7511,81
440,Lenard,Matten,Professor,lmattenc7@cam.ac.uk,160-175-3979,14
441,Jozef,Throssell,Administrative Assistant III,jthrossellc8@chron.com,798-348-0957,30
442,Hedvige,Pizer,Financial Analyst,hpizerc9@nih.gov,368-604-1525,98
443,Leonhard,Ghiron,Executive Secretary,lghironca@dropbox.com,395-963-9129,91
444,Ariadne,McOrkill,VP Product Management,amcorkillcb@smh.com.au,310-775-4722,36
445,Vassili,Antony,Quality Engineer,vantonycc@google.com,571-401-2816,70
446,Haroun,Coudray,Research Assistant III,hcoudraycd@amazon.de,246-615-3881,71
447,Elsbeth,Windle,Marketing Assistant,ewindlece@census.gov,266-242-9549,38
448,Puff,Trainor,Senior Financial Analyst,ptrainorcf@purevolume.com,573-374-8093,6
449,Kendall,Cartmill,Recruiting Manager,kcartmillcg@chicagotribune.com,259-941-7307,73
450,Nicky,Hartill,Environmental Tech,nhartillch@storify.com,474-893-7407,50
451,Denni,Westberg,Physical Therapy Assistant,dwestbergci@sakura.ne.jp,188-472-5021,85
452,Taber,Keaton,Professor,tkeatoncj@reference.com,125-129-6105,79
453,Perry,Howler,Structural Engineer,phowlerck@dot.gov,956-294-8467,46
454,Edmon,Wederell,Structural Engineer,ewederellcl@i2i.jp,904-650-8166,97
455,Ulrike,Self,Nurse Practicioner,uselfcm@google.es,311-152-9152,17
456,Rutledge,Hendrickx,Programmer I,rhendrickxcn@java.com,711-553-4918,78
457,Bendicty,Grew,Office Assistant II,bgrewco@wsj.com,700-736-6193,72
458,Dorey,Balazot,Internal Auditor,dbalazotcp@examiner.com,574-517-3031,58
459,Frants,Tweedy,Mechanical Systems Engineer,ftweedycq@omniture.com,291-265-2752,84
460,Osbourne,Kordt,VP Sales,okordtcr@mac.com,723-551-4536,97
461,Marsiella,McIlwrick,Assistant Media Planner,mmcilwrickcs@uiuc.edu,670-343-3895,96
462,Abe,Grzesiak,Senior Cost Accountant,agrzesiakct@123-reg.co.uk,635-114-4669,2
463,Bria,Asch,Compensation Analyst,baschcu@nationalgeographic.com,961-296-8489,67
464,Fair,Nourse,Product Engineer,fnoursecv@msn.com,681-393-1712,8
465,Somerset,Losseljong,Senior Cost Accountant,slosseljongcw@histats.com,394-967-6715,64
466,Vin,Dacres,Civil Engineer,vdacrescx@hostgator.com,102-669-5372,77
467,Anjela,Pudge,Geologist II,apudgecy@hibu.com,504-994-3984,78
468,Tripp,Beeson,VP Quality Control,tbeesoncz@nbcnews.com,690-604-6401,85
469,Eleonora,Guerreru,Nurse Practicioner,eguerrerud0@netscape.com,326-550-4691,55
470,Cyndy,Lineham,Occupational Therapist,clinehamd1@admin.ch,745-616-6566,87
471,Hyman,Oleszkiewicz,Pharmacist,holeszkiewiczd2@t.co,642-272-8122,81
472,Annmarie,Escudier,Quality Control Specialist,aescudierd3@unesco.org,240-768-7840,53
473,Delphine,Pickover,Information Systems Manager,dpickoverd4@vk.com,597-142-0935,43
474,Waite,Orto,VP Quality Control,wortod5@dedecms.com,116-564-9668,36
475,Ravid,Juanes,Accounting Assistant IV,rjuanesd6@miitbeian.gov.cn,697-709-4355,38
476,Andree,Checci,Research Nurse,acheccid7@about.com,108-882-8911,83
477,Greer,O'Rowane,Safety Technician I,gorowaned8@google.cn,574-445-6720,40
478,Bone,Coyle,Chief Design Engineer,bcoyled9@goo.gl,401-390-2770,43
479,Link,Ochterlonie,Account Representative III,lochterlonieda@dailymotion.com,998-977-6596,85
480,Arabella,Dionisi,Account Executive,adionisidb@paypal.com,513-387-6866,3
481,Griffie,Velten,Geologist I,gveltendc@networksolutions.com,459-837-4861,14
482,Barbabas,Skirvane,Software Consultant,bskirvanedd@bluehost.com,673-608-6571,60
483,Shari,Greatex,Senior Editor,sgreatexde@epa.gov,778-862-7609,8
484,Vivian,Allan,VP Quality Control,vallandf@slashdot.org,270-793-8437,93
485,Eimile,Pavett,Nurse Practicioner,epavettdg@vistaprint.com,144-960-3090,36
486,Eirena,Hagerty,Web Developer IV,ehagertydh@toplist.cz,854-591-5533,77
487,Adams,Grancher,Staff Accountant II,agrancherdi@house.gov,695-122-3229,52
488,Hayward,Horley,Dental Hygienist,hhorleydj@edublogs.org,370-858-6562,27
489,Marleah,Janauschek,Chief Design Engineer,mjanauschekdk@fc2.com,137-826-8402,31
490,Elnora,Affron,Senior Sales Associate,eaffrondl@adobe.com,956-607-1019,49
491,Zarla,Burrows,Research Assistant I,zburrowsdm@e-recht24.de,531-709-4328,41
492,Tobe,Larrie,Community Outreach Specialist,tlarriedn@tripadvisor.com,751-489-5786,5
493,Perry,Wyldes,Cost Accountant,pwyldesdo@pinterest.com,605-451-4352,54
494,Addi,Bedingfield,Quality Control Specialist,abedingfielddp@yolasite.com,420-216-4553,47
495,Aimee,Brisset,Financial Advisor,abrissetdq@meetup.com,827-822-4953,47
496,Debora,Sumbler,Structural Analysis Engineer,dsumblerdr@patch.com,430-434-9544,66
497,Ezri,Rickhuss,Administrative Officer,erickhussds@e-recht24.de,137-681-3444,44
498,Danielle,Fair,Software Engineer I,dfairdt@yahoo.co.jp,446-732-4581,19
499,Giana,Dignam,VP Marketing,gdignamdu@trellian.com,390-980-0441,1
500,Dalis,Jonin,Biostatistician I,djonindv@networkadvertising.org,372-421-3936,27
501,Bianca,Fewings,Technical Writer,bfewingsdw@i2i.jp,491-221-9770,47
502,Verene,Marven,Health Coach I,vmarvendx@seattletimes.com,345-408-4432,84
503,Donia,Daglish,Help Desk Operator,ddaglishdy@prlog.org,297-457-5971,89
504,Cammy,Hubbart,Accountant II,chubbartdz@ezinearticles.com,967-176-1113,56
505,Ajay,Bucky,Administrative Assistant I,abuckye0@github.com,112-597-1796,60
506,Mela,Cranmore,Help Desk Technician,mcranmoree1@instagram.com,666-248-3980,81
507,Steffen,Abbey,Civil Engineer,sabbeye2@examiner.com,735-944-2916,42
508,Gage,Lovewell,Nuclear Power Engineer,glovewelle3@epa.gov,876-235-7096,32
509,Erasmus,Chatin,Nurse Practicioner,echatine4@bluehost.com,858-356-0889,90
510,Willard,Urwin,GIS Technical Architect,wurwine5@tamu.edu,949-378-9425,35
511,Herminia,Brandli,Biostatistician I,hbrandlie6@va.gov,951-414-1142,45
512,Sigfried,Binne,Account Representative I,sbinnee7@desdev.cn,117-207-7131,79
513,Arther,Bubb,Paralegal,abubbe8@bandcamp.com,488-416-3488,48
514,Lacee,Quenby,Assistant Professor,lquenbye9@cbsnews.com,795-329-7990,63
515,Rica,Hartzog,Speech Pathologist,rhartzogea@friendfeed.com,202-262-4929,1
516,Calley,Leupold,Sales Representative,cleupoldeb@tamu.edu,911-800-9492,47
517,Merilyn,Drinkhill,Office Assistant IV,mdrinkhillec@gov.uk,410-708-6270,86
518,Marchelle,Carlet,Office Assistant IV,mcarleted@ca.gov,646-874-9055,11
519,Rivalee,Markovich,Occupational Therapist,rmarkovichee@w3.org,566-267-0803,30
520,Sula,Catteroll,Staff Scientist,scatterollef@foxnews.com,275-670-0792,94
521,Suzette,Pavelka,Help Desk Technician,spavelkaeg@creativecommons.org,312-923-2561,60
522,Adrianne,Danton,Information Systems Manager,adantoneh@php.net,300-221-4430,70
523,Aggi,Clewes,Internal Auditor,aclewesei@cnbc.com,953-555-8851,78
524,Susanetta,Blant,Junior Executive,sblantej@flickr.com,754-820-7315,7
525,Mireielle,Ballam,Physical Therapy Assistant,mballamek@google.it,348-476-8872,44
526,Henrieta,Castell,Research Assistant IV,hcastellel@merriam-webster.com,584-693-4776,68
527,Gweneth,Meekins,Tax Accountant,gmeekinsem@cocolog-nifty.com,365-576-6323,36
528,Sonja,Juara,Geologist III,sjuaraen@blinklist.com,310-318-1244,57
529,Lancelot,Peakman,Programmer Analyst IV,lpeakmaneo@sitemeter.com,129-555-9683,99
530,Nils,Kinforth,Product Engineer,nkinforthep@usatoday.com,378-380-1532,70
531,Siusan,Snassell,Account Executive,ssnasselleq@soup.io,930-858-2851,22
532,Andonis,Clipston,Senior Sales Associate,aclipstoner@meetup.com,746-668-1315,45
533,Hulda,Woolvin,Chief Design Engineer,hwoolvines@flavors.me,318-955-9808,1
534,Cobby,Besnardeau,Recruiting Manager,cbesnardeauet@weibo.com,985-548-8631,92
535,Parry,O'Dyvoie,Quality Engineer,podyvoieeu@facebook.com,696-409-0607,50
536,Martin,MacGarvey,Junior Executive,mmacgarveyev@ted.com,395-430-3839,57
537,Julianne,Seivertsen,Accounting Assistant III,jseivertsenew@narod.ru,112-517-7682,47
538,Leslie,Mc Kellen,Director of Sales,lmckellenex@opera.com,491-931-8178,51
539,Vasili,Downing,Marketing Assistant,vdowningey@archive.org,539-826-4253,80
540,Gus,Rudge,Assistant Manager,grudgeez@baidu.com,649-347-5723,94
541,Larry,Lygoe,Sales Representative,llygoef0@symantec.com,386-554-6707,32
542,Minny,De Miranda,Social Worker,mdemirandaf1@woothemes.com,596-733-2598,21
543,Shay,Croxley,Nurse Practicioner,scroxleyf2@buzzfeed.com,250-644-7719,59
544,Delano,Karoly,Sales Associate,dkarolyf3@g.co,264-731-3080,21
545,Annaliese,Gracey,Senior Sales Associate,agraceyf4@fema.gov,368-282-8317,47
546,Hildegarde,Bennen,Dental Hygienist,hbennenf5@symantec.com,244-384-6304,95
547,Julianne,Finnis,Social Worker,jfinnisf6@comcast.net,569-394-5052,100
548,Leona,Elecum,Assistant Professor,lelecumf7@sfgate.com,549-743-8104,100
549,Dorita,Eykelbosch,Product Engineer,deykelboschf8@census.gov,250-396-8349,73
550,Albertine,Taffs,Technical Writer,ataffsf9@sciencedaily.com,689-980-3075,20
551,Rhea,Haughey,Safety Technician I,rhaugheyfa@sun.com,114-696-0059,96
552,Rebekah,Pinard,Clinical Specialist,rpinardfb@time.com,664-431-5814,57
553,Gawen,Damp,Human Resources Assistant II,gdampfc@pbs.org,425-789-8753,89
554,Barrett,Gingles,Nurse Practicioner,bginglesfd@senate.gov,436-804-6453,14
555,Jojo,Pordal,Media Manager I,jpordalfe@joomla.org,865-878-5904,16
556,Ezequiel,Schofield,Payment Adjustment Coordinator,eschofieldff@microsoft.com,665-621-7395,47
557,Nappy,Woolham,Budget/Accounting Analyst IV,nwoolhamfg@businesswire.com,704-928-6885,95
558,Cristionna,Baggelley,Product Engineer,cbaggelleyfh@nasa.gov,758-295-4303,88
559,Tamma,Eales,Assistant Media Planner,tealesfi@cbc.ca,367-330-8748,45
560,Tedda,Proud,Project Manager,tproudfj@tuttocitta.it,671-610-9511,84
561,Sonja,Winsley,Statistician IV,swinsleyfk@skype.com,879-589-0432,7
562,Andreana,Miere,Assistant Manager,amierefl@so-net.ne.jp,582-765-0252,71
563,Edd,Gavaran,Director of Sales,egavaranfm@cbsnews.com,704-172-4539,76
564,Nedi,Adanet,Civil Engineer,nadanetfn@nbcnews.com,126-487-6981,5
565,Zebulen,Corsar,Health Coach II,zcorsarfo@studiopress.com,390-756-7132,1
566,Rickie,Smurfit,Technical Writer,rsmurfitfp@google.ca,208-230-1295,82
567,Deanne,Bowdon,Marketing Manager,dbowdonfq@mayoclinic.com,223-978-2790,69
568,Allianora,Stiggles,Human Resources Manager,astigglesfr@qq.com,596-780-4716,51
569,Lion,Brashaw,Design Engineer,lbrashawfs@odnoklassniki.ru,667-944-9999,74
570,Danice,Bockmann,Account Executive,dbockmannft@homestead.com,746-657-9944,47
571,Annis,Pallesen,Nuclear Power Engineer,apallesenfu@google.co.uk,674-142-8628,23
572,Donavon,Mulcock,Programmer I,dmulcockfv@harvard.edu,358-351-6105,58
573,Noam,Astill,Administrative Assistant II,nastillfw@ibm.com,128-713-8629,38
574,Hank,Grant,Mechanical Systems Engineer,hgrantfx@e-recht24.de,580-896-3504,23
575,Kristan,Simmon,Nurse,ksimmonfy@qq.com,210-628-6298,62
576,Gus,Giannoni,Internal Auditor,ggiannonifz@theguardian.com,492-356-9182,55
577,Rodney,Hunnicutt,Director of Sales,rhunnicuttg0@webnode.com,784-400-1105,75
578,Rabbi,Thexton,Speech Pathologist,rthextong1@harvard.edu,884-301-7555,46
579,Arthur,Boycott,Associate Professor,aboycottg2@yelp.com,166-259-3363,97
580,Amye,Jardine,Social Worker,ajardineg3@smh.com.au,306-547-1795,49
581,Concordia,Saffer,Product Engineer,csafferg4@etsy.com,342-230-7657,30
582,Roslyn,Simonini,Tax Accountant,rsimoninig5@alibaba.com,172-990-6498,24
583,Tomi,Tew,Technical Writer,ttewg6@who.int,903-773-0981,34
584,Clarice,Schoenleiter,Civil Engineer,cschoenleiterg7@quantcast.com,835-208-5355,99
585,Minnnie,Connealy,Financial Analyst,mconnealyg8@sun.com,596-235-5773,49
586,Rabbi,Brandom,Business Systems Development Analyst,rbrandomg9@hibu.com,791-857-0002,92
587,Rosalie,Andreazzi,Marketing Manager,randreazziga@skype.com,468-785-8845,15
588,Zarla,Glen,Marketing Manager,zglengb@usgs.gov,511-590-6622,46
589,Eberto,Oldershaw,Teacher,eoldershawgc@acquirethisname.com,261-529-0265,33
590,Colly,Amis,Quality Engineer,camisgd@about.me,955-442-5110,65
591,Emlynn,Baptiste,Assistant Professor,ebaptistege@addthis.com,681-294-2426,15
592,Birk,Cleynman,Senior Financial Analyst,bcleynmangf@oracle.com,435-793-4103,27
593,Cris,McAuslene,Programmer II,cmcauslenegg@myspace.com,820-205-9604,52
594,Portia,Yokley,Office Assistant I,pyokleygh@ucla.edu,366-385-6465,42
595,Clemente,Gludor,Operator,cgludorgi@umich.edu,182-992-2694,52
596,Roseanne,Forster,Sales Associate,rforstergj@msn.com,699-589-7723,32
597,Brent,Ashwin,Research Associate,bashwingk@yahoo.com,521-538-0326,72
598,Jonie,Kivelhan,VP Quality Control,jkivelhangl@altervista.org,937-404-6131,90
599,Pearce,Mapples,Research Associate,pmapplesgm@epa.gov,910-430-3078,42
600,Karel,Siemons,Geologist IV,ksiemonsgn@businessinsider.com,806-106-5433,23
601,Ephraim,Orrett,Research Assistant II,eorrettgo@deviantart.com,104-563-7578,83
602,Emelyne,Pitsall,Structural Analysis Engineer,epitsallgp@nymag.com,749-868-8298,37
603,Tris,McTeague,Help Desk Operator,tmcteaguegq@xrea.com,284-764-1526,81
604,Ede,Collett,Media Manager IV,ecollettgr@sfgate.com,688-111-6104,26
605,Ardelis,Perrins,Systems Administrator IV,aperrinsgs@japanpost.jp,280-215-2504,50
606,Kaleb,Gurling,Accountant III,kgurlinggt@123-reg.co.uk,983-419-4191,40
607,Fleur,Lashmore,Social Worker,flashmoregu@newyorker.com,522-331-5426,46
608,Burl,Glisenan,Database Administrator IV,bglisenangv@ebay.co.uk,208-573-1824,5
609,Moses,Tufts,Dental Hygienist,mtuftsgw@walmart.com,149-788-5577,53
610,Christina,Ferrara,Statistician I,cferraragx@twitter.com,474-304-2264,28
611,Celeste,Yakutin,Graphic Designer,cyakutingy@scientificamerican.com,861-166-3626,93
612,Sergio,Ortell,Account Representative I,sortellgz@usa.gov,616-186-8569,54
613,Syd,Blacklawe,Environmental Tech,sblacklaweh0@chicagotribune.com,664-376-6814,35
614,Kellen,Darrigone,Research Nurse,kdarrigoneh1@taobao.com,325-530-1257,87
615,Stacy,Imbrey,Occupational Therapist,simbreyh2@drupal.org,926-250-2692,57
616,Melamie,Sherington,Electrical Engineer,msheringtonh3@ibm.com,823-166-4818,48
617,Barnaby,Cockman,Office Assistant I,bcockmanh4@parallels.com,386-985-8884,15
618,Andi,Bibey,Assistant Professor,abibeyh5@cdc.gov,249-685-1327,6
619,Enid,Nobbs,Business Systems Development Analyst,enobbsh6@shutterfly.com,578-355-5392,54
620,Baillie,Bubear,VP Product Management,bbubearh7@wordpress.org,803-660-7670,95
621,Geoffrey,Sorensen,Dental Hygienist,gsorensenh8@hud.gov,215-721-6223,10
622,Edythe,McClifferty,Sales Associate,emccliffertyh9@unblog.fr,531-216-9513,83
623,Kennith,Coleshill,Marketing Assistant,kcoleshillha@live.com,748-331-6400,72
624,Clemmie,Arniz,Structural Analysis Engineer,carnizhb@google.fr,330-356-6796,82
625,Kim,Jagels,Research Associate,kjagelshc@pcworld.com,275-209-4670,66
626,Durant,Munnion,Nurse Practicioner,dmunnionhd@accuweather.com,150-877-4900,85
627,Damaris,Blann,Research Assistant IV,dblannhe@spotify.com,869-387-1803,60
628,Thurstan,Whittlesey,Clinical Specialist,twhittleseyhf@plala.or.jp,627-922-4729,35
629,Vonni,Piwall,Account Executive,vpiwallhg@deviantart.com,282-313-9786,65
630,Alphonse,Erley,Operator,aerleyhh@paypal.com,689-632-3950,26
631,L;urette,Underwood,Mechanical Systems Engineer,lunderwoodhi@un.org,314-248-7956,52
632,Fanni,Gyse,Director of Sales,fgysehj@youtu.be,234-289-4482,2
633,Robinetta,Bleesing,Clinical Specialist,rbleesinghk@yellowbook.com,536-598-2445,64
634,Marjie,Kennerknecht,Programmer III,mkennerknechthl@bravesites.com,602-928-3337,80
635,Kalli,Bausmann,Senior Quality Engineer,kbausmannhm@unblog.fr,618-771-0064,82
636,Brenna,Fifield,Budget/Accounting Analyst III,bfifieldhn@cdc.gov,581-926-4901,85
637,Rodrique,Gavagan,Environmental Specialist,rgavaganho@nytimes.com,271-144-8196,66
638,Carlita,Jurkiewicz,Registered Nurse,cjurkiewiczhp@over-blog.com,373-207-1567,60
639,Karrah,Giottini,Media Manager I,kgiottinihq@mashable.com,982-475-9101,67
640,Anestassia,Dummigan,General Manager,adummiganhr@amazon.de,303-880-1344,89
641,Aloisia,Poleye,Food Chemist,apoleyehs@ca.gov,550-876-7540,92
642,Elyssa,Blackboro,Nurse Practicioner,eblackboroht@sourceforge.net,862-426-2802,87
643,Ofelia,Pipkin,Speech Pathologist,opipkinhu@goo.ne.jp,365-290-0487,62
644,Donia,Suche,Help Desk Operator,dsuchehv@photobucket.com,663-397-6228,46
645,Cosmo,Tomeo,Statistician IV,ctomeohw@dot.gov,128-975-9579,90
646,Norine,Robker,Web Designer IV,nrobkerhx@slashdot.org,338-854-0025,62
647,Rae,Oliva,Sales Associate,rolivahy@msu.edu,824-771-4199,58
648,Jackie,Climson,Project Manager,jclimsonhz@bloglines.com,581-438-6495,71
649,Marlo,Leftbridge,Structural Engineer,mleftbridgei0@buzzfeed.com,367-611-6695,66
650,Dorisa,Benaine,Account Coordinator,dbenainei1@storify.com,381-533-8589,44
651,Blanch,Cumberpatch,VP Sales,bcumberpatchi2@hostgator.com,990-343-9265,86
652,Julieta,Tilne,Cost Accountant,jtilnei3@bluehost.com,253-380-5181,58
653,Tandy,Ludl,Professor,tludli4@w3.org,357-528-2349,37
654,Sheba,Sowersby,Web Developer III,ssowersbyi5@comsenz.com,325-379-6032,61
655,Berkeley,Croxall,Information Systems Manager,bcroxalli6@pagesperso-orange.fr,335-454-3552,48
656,Abigael,Miliffe,Recruiting Manager,amiliffei7@bluehost.com,359-604-6981,97
657,Eleanore,Shergold,Civil Engineer,eshergoldi8@sohu.com,626-179-0440,95
658,Lenora,Belchem,Help Desk Technician,lbelchemi9@fastcompany.com,601-773-8076,27
659,Fonsie,Lesper,VP Quality Control,flesperia@surveymonkey.com,433-169-3689,9
660,Sher,Bambrugh,Occupational Therapist,sbambrughib@geocities.com,857-149-9789,41
661,Marlene,Gilvear,Physical Therapy Assistant,mgilvearic@zdnet.com,422-374-2113,76
662,Raynell,Sherreard,Media Manager II,rsherreardid@google.cn,907-632-5496,87
663,Erich,Mengo,Project Manager,emengoie@springer.com,742-635-1703,40
664,Zared,Kilkenny,Geological Engineer,zkilkennyif@java.com,318-445-4392,70
665,Rowen,Pomphrett,Software Consultant,rpomphrettig@google.co.jp,172-157-4675,10
666,Edsel,Giblin,Data Coordinator,egiblinih@nps.gov,855-104-6390,93
667,Cleve,Read,Registered Nurse,creadii@ftc.gov,408-603-2040,52
668,Polly,Founds,Associate Professor,pfoundsij@github.com,754-170-9613,32
669,Sammy,Gilling,Human Resources Assistant III,sgillingik@twitpic.com,607-318-4749,69
670,Krishnah,Hourston,Biostatistician I,khourstonil@hibu.com,393-313-8190,44
671,Roy,Docksey,Environmental Specialist,rdockseyim@naver.com,927-297-4738,14
672,Kore,Dundin,Engineer I,kdundinin@ucoz.com,206-607-3236,97
673,Kevyn,Babin,VP Accounting,kbabinio@aboutads.info,370-307-4187,50
674,Jean,Filyukov,Tax Accountant,jfilyukovip@bbb.org,165-633-2888,76
675,Spenser,Sinderson,Paralegal,ssindersoniq@npr.org,587-229-6419,5
676,Bessy,Ranson,Environmental Tech,bransonir@cocolog-nifty.com,355-259-9970,75
677,Lalo,Lougheid,Professor,llougheidis@buzzfeed.com,649-969-5289,65
678,Kaile,Cutress,Research Assistant II,kcutressit@reuters.com,322-303-8251,50
679,Torrey,Tappin,VP Sales,ttappiniu@oakley.com,858-236-0321,4
680,Heinrick,Rhelton,Associate Professor,hrheltoniv@geocities.jp,265-186-0208,67
681,Devonna,Curcher,Staff Accountant IV,dcurcheriw@cnbc.com,900-105-6161,24
682,Turner,Streetley,Nurse Practicioner,tstreetleyix@ucsd.edu,996-233-9569,40
683,Dee,Brambell,Account Executive,dbrambelliy@cam.ac.uk,931-118-3608,75
684,Orel,Ingarfill,Marketing Assistant,oingarfilliz@istockphoto.com,577-934-0428,97
685,Karil,Maddra,Senior Developer,kmaddraj0@theguardian.com,761-822-4351,16
686,Baxter,Burgott,Staff Accountant I,bburgottj1@ycombinator.com,933-901-5231,24
687,Jobye,Usmar,Dental Hygienist,jusmarj2@redcross.org,174-763-5163,75
688,Hildegaard,Clemett,Executive Secretary,hclemettj3@ft.com,296-371-3972,37
689,Freddy,Klaaassen,Project Manager,fklaaassenj4@privacy.gov.au,248-363-8249,26
690,Carlynne,Sang,Programmer Analyst III,csangj5@163.com,182-579-9318,92
691,Sonja,Monan,Marketing Manager,smonanj6@woothemes.com,376-205-7046,81
692,Jenny,Kennewell,Pharmacist,jkennewellj7@blinklist.com,404-996-0975,95
693,Scotty,Samwyse,Assistant Media Planner,ssamwysej8@friendfeed.com,719-761-7562,86
694,Tabina,Slyme,Nuclear Power Engineer,tslymej9@nytimes.com,877-986-8283,27
695,Ailey,Bilbee,Tax Accountant,abilbeeja@about.com,336-639-7629,16
696,Storm,Warfield,Information Systems Manager,swarfieldjb@npr.org,745-716-7270,96
697,Vasilis,Glascott,Social Worker,vglascottjc@narod.ru,169-394-2615,1
698,Marie,Damiral,Senior Quality Engineer,mdamiraljd@thetimes.co.uk,327-228-7275,27
699,Engelbert,Padginton,Assistant Professor,epadgintonje@edublogs.org,120-841-7755,70
700,Arv,Jiggen,Analog Circuit Design manager,ajiggenjf@nba.com,305-125-9018,4
701,Christi,Tucknutt,Electrical Engineer,ctucknuttjg@scientificamerican.com,108-113-6078,55
702,Mohandas,Barwise,Quality Engineer,mbarwisejh@bandcamp.com,400-728-0134,9
703,Ashien,Kuna,Senior Developer,akunaji@foxnews.com,657-507-4402,54
704,Chrystel,Robotham,Software Consultant,crobothamjj@quantcast.com,441-473-9972,100
705,Anselm,Sacco,Account Executive,asaccojk@google.pl,383-863-6723,99
706,Heinrik,Kleis,Product Engineer,hkleisjl@scientificamerican.com,623-542-3826,42
707,Shoshana,Turbitt,GIS Technical Architect,sturbittjm@amazon.co.jp,489-361-4149,34
708,Stoddard,Kehoe,Food Chemist,skehoejn@amazonaws.com,205-725-8376,69
709,Eran,Reide,Administrative Assistant II,ereidejo@google.com,900-156-1198,47
710,Vidovik,Lattos,VP Product Management,vlattosjp@mtv.com,532-783-5663,56
711,Fields,Ledrane,Budget/Accounting Analyst I,fledranejq@yale.edu,176-262-3001,4
712,Elka,Sammons,Help Desk Operator,esammonsjr@bbc.co.uk,841-427-1500,39
713,Maria,Stiggers,Web Developer I,mstiggersjs@nbcnews.com,413-212-1681,73
714,Codi,Dobing,Developer I,cdobingjt@loc.gov,572-603-5590,81
715,Bria,Challoner,Statistician III,bchallonerju@domainmarket.com,284-315-9475,30
716,Marji,Tansill,Research Nurse,mtansilljv@whitehouse.gov,238-420-5028,32
717,Chilton,Klimas,Recruiter,cklimasjw@elpais.com,920-419-7654,82
718,Rebecca,Kiossel,Accountant III,rkiosseljx@dmoz.org,648-689-7933,76
719,Tommy,Purdie,Geologist II,tpurdiejy@boston.com,862-657-6157,48
720,Dorolice,Krout,VP Product Management,dkroutjz@hexun.com,123-903-9460,1
721,Belicia,Forsbey,Senior Editor,bforsbeyk0@nih.gov,124-950-2520,95
722,Ailbert,Blair,Help Desk Operator,ablairk1@pcworld.com,465-769-1966,25
723,Juieta,De Cruz,Analog Circuit Design manager,jdecruzk2@whitehouse.gov,169-921-1218,58
724,Lanita,Calven,Electrical Engineer,lcalvenk3@cdbaby.com,444-249-9822,20
725,Erwin,Burnham,Librarian,eburnhamk4@vk.com,558-439-9135,37
726,Nicola,Giovannilli,Web Designer IV,ngiovannillik5@google.nl,246-392-3643,85
727,Norma,Mc Dermid,Design Engineer,nmcdermidk6@cbslocal.com,296-570-0273,66
728,Valera,Bedburrow,Actuary,vbedburrowk7@bloomberg.com,863-341-4447,59
729,Karoly,Nicholes,Professor,knicholesk8@indiatimes.com,171-835-7579,19
730,Calvin,Cleave,Senior Editor,ccleavek9@about.com,519-300-6077,87
731,Hersch,McNellis,Analyst Programmer,hmcnelliska@dot.gov,868-307-9258,94
732,Rivkah,Hammond,Nurse,rhammondkb@alexa.com,982-205-5251,51
733,Nicol,Russell,VP Sales,nrussellkc@sohu.com,996-258-1901,66
734,Kaleb,Bails,Director of Sales,kbailskd@webnode.com,400-739-9170,5
735,Clary,Ickovitz,Statistician III,cickovitzke@liveinternet.ru,725-510-4272,91
736,Cele,Slograve,Structural Engineer,cslogravekf@liveinternet.ru,691-703-1422,70
737,Joli,Rennebach,Social Worker,jrennebachkg@dell.com,199-979-1977,48
738,Avictor,Feasey,Recruiter,afeaseykh@psu.edu,241-546-8251,57
739,Aldo,Bails,Software Consultant,abailski@skype.com,802-760-1808,47
740,Ryan,Gietz,Food Chemist,rgietzkj@vk.com,338-352-3916,30
741,Barbi,Meins,Account Executive,bmeinskk@illinois.edu,282-305-4886,8
742,Krissie,De Filippis,Assistant Professor,kdefilippiskl@quantcast.com,865-700-5509,19
743,Hollyanne,Lester,Junior Executive,hlesterkm@sciencedirect.com,196-102-0754,89
744,Jeffie,Heymes,Administrative Assistant IV,jheymeskn@cmu.edu,367-865-1053,25
745,Maryanne,Insole,Desktop Support Technician,minsoleko@sciencedirect.com,364-230-9044,53
746,Saidee,Mattersley,Social Worker,smattersleykp@fastcompany.com,346-765-7401,69
747,Crystie,Kelberer,Compensation Analyst,ckelbererkq@wunderground.com,899-265-9645,29
748,Melisenda,Warrell,Teacher,mwarrellkr@xrea.com,314-764-2503,10
749,Osborne,Style,Assistant Manager,ostyleks@miibeian.gov.cn,959-154-7383,29
750,Morgana,Huntall,Paralegal,mhuntallkt@shinystat.com,804-460-1859,72
751,Dorey,Jorck,Senior Cost Accountant,djorckku@is.gd,584-534-5332,30
752,Viole,Bernadot,Data Coordinator,vbernadotkv@npr.org,298-579-1922,11
753,Evanne,Sitch,Geological Engineer,esitchkw@wikispaces.com,207-448-9104,63
754,Osbert,Cleaton,Senior Financial Analyst,ocleatonkx@nhs.uk,312-613-6448,8
755,Iolanthe,Hitzke,Clinical Specialist,ihitzkeky@angelfire.com,412-497-6687,13
756,Elene,Grevatt,Senior Developer,egrevattkz@newyorker.com,567-509-3257,49
757,Thorn,Campes,Sales Representative,tcampesl0@sina.com.cn,553-694-9362,7
758,Emili,Hansberry,Pharmacist,ehansberryl1@microsoft.com,758-321-8585,49
759,Webster,Kenyon,Desktop Support Technician,wkenyonl2@ted.com,977-704-1976,98
760,Luigi,Haggata,Chief Design Engineer,lhaggatal3@ucoz.ru,590-662-8356,100
761,Edward,Gouinlock,Human Resources Manager,egouinlockl4@shop-pro.jp,221-182-4110,15
762,Wrennie,Matuszewski,Operator,wmatuszewskil5@de.vu,852-862-0859,54
763,Radcliffe,Avon,Information Systems Manager,ravonl6@businessinsider.com,891-414-6423,34
764,Dede,Scargill,Payment Adjustment Coordinator,dscargilll7@biglobe.ne.jp,346-363-3996,49
765,Scott,MacDermand,Junior Executive,smacdermandl8@flavors.me,979-897-3476,92
766,Emogene,McCutcheon,Desktop Support Technician,emccutcheonl9@google.cn,247-966-7183,5
767,Ellette,McDonell,Research Nurse,emcdonellla@ftc.gov,842-280-2052,37
768,Fabe,Gerger,Pharmacist,fgergerlb@list-manage.com,438-550-4128,43
769,Rosemonde,Lindsey,Teacher,rlindseylc@loc.gov,814-397-2831,12
770,Lenna,Edensor,Senior Sales Associate,ledensorld@nsw.gov.au,681-506-5583,36
771,Justinn,Oswick,Senior Financial Analyst,joswickle@last.fm,653-377-5614,12
772,Minor,Yallowley,Speech Pathologist,myallowleylf@guardian.co.uk,502-547-1065,38
773,Orv,Engelmann,Tax Accountant,oengelmannlg@biglobe.ne.jp,964-601-3803,53
774,Meredith,McGall,Quality Control Specialist,mmcgalllh@tinypic.com,489-931-8591,38
775,Isidro,Kuhnhardt,Operator,ikuhnhardtli@symantec.com,386-104-0367,97
776,Carrie,Skirlin,Programmer I,cskirlinlj@vimeo.com,673-511-4049,74
777,Shannah,Duncombe,Geological Engineer,sduncombelk@about.com,941-331-9898,90
778,Yuri,Ziemen,Technical Writer,yziemenll@ca.gov,372-815-8585,68
779,Isac,Lightbown,Dental Hygienist,ilightbownlm@bluehost.com,653-396-1962,46
780,Elysee,Skellorne,Software Engineer I,eskellorneln@spotify.com,157-753-9001,51
781,Lilly,Guthrum,VP Marketing,lguthrumlo@google.co.jp,610-968-7153,61
782,Boone,Grzesiewicz,Tax Accountant,bgrzesiewiczlp@about.me,902-530-8796,86
783,Ofelia,Dowty,Clinical Specialist,odowtylq@last.fm,312-800-0736,31
784,Adler,McNeish,Nurse Practicioner,amcneishlr@mac.com,516-925-7886,80
785,Nil,Damp,Marketing Assistant,ndampls@fastcompany.com,121-835-1689,20
786,Jaimie,Kincaid,Occupational Therapist,jkincaidlt@flavors.me,309-339-1276,16
787,Shanta,Phil,Account Coordinator,sphillu@mayoclinic.com,596-435-3060,60
788,Ambrosi,Cuthbertson,Information Systems Manager,acuthbertsonlv@toplist.cz,489-787-3130,27
789,Fredek,Bernuzzi,VP Accounting,fbernuzzilw@wikispaces.com,916-425-5294,28
790,Alleyn,Northbridge,Biostatistician II,anorthbridgelx@oaic.gov.au,535-559-7164,94
791,Etienne,Tollow,Environmental Specialist,etollowly@seesaa.net,292-393-6730,40
792,Vasilis,Vannikov,Technical Writer,vvannikovlz@wikimedia.org,326-425-4615,12
793,Deidre,Quartley,Editor,dquartleym0@google.nl,544-450-2595,94
794,Etan,Thorowgood,Programmer Analyst IV,ethorowgoodm1@pagesperso-orange.fr,280-829-0644,26
795,Geri,Buckett,Engineer III,gbuckettm2@elegantthemes.com,982-687-7566,31
796,Celinda,Points,Librarian,cpointsm3@ezinearticles.com,965-168-4450,14
797,Maddalena,Hegges,Project Manager,mheggesm4@hexun.com,283-838-9053,31
798,Cecelia,Baff,Electrical Engineer,cbaffm5@walmart.com,200-292-5011,81
799,Nellie,Everill,Accountant III,neverillm6@altervista.org,280-223-0465,54
800,Tamara,Ferry,Occupational Therapist,tferrym7@google.pl,512-685-2562,14
801,Vernor,Dominey,Help Desk Technician,vdomineym8@freewebs.com,702-778-1446,3
802,Beatriz,Linner,Web Developer III,blinnerm9@aol.com,382-994-6142,11
803,Audi,Beardshall,Assistant Manager,abeardshallma@phoca.cz,828-556-9028,7
804,Kissiah,Biddulph,Environmental Tech,kbiddulphmb@dmoz.org,125-458-5335,58
805,Ami,Sanham,Account Coordinator,asanhammc@bloglines.com,209-800-3611,87
806,Monika,Pomphrett,VP Marketing,mpomphrettmd@pbs.org,853-317-1248,38
807,Dorothee,Heinzel,Biostatistician I,dheinzelme@unc.edu,113-554-5884,54
808,Munmro,Dikle,Research Assistant II,mdiklemf@shinystat.com,577-808-0681,67
809,Kacey,Ulrik,VP Marketing,kulrikmg@ucsd.edu,453-386-4241,70
810,Gerik,McGarvey,Research Nurse,gmcgarveymh@surveymonkey.com,804-968-1907,23
811,Keary,Eatttok,Paralegal,keatttokmi@youtube.com,412-319-1758,71
812,Yale,Bonson,Senior Financial Analyst,ybonsonmj@woothemes.com,744-677-4630,15
813,Whitman,Spanton,Developer I,wspantonmk@dyndns.org,871-500-6377,59
814,Jenine,Dilliway,Automation Specialist III,jdilliwayml@psu.edu,690-422-4320,22
815,Cassie,Hallums,Chemical Engineer,challumsmm@furl.net,618-434-5735,18
816,Darill,Kick,Geological Engineer,dkickmn@walmart.com,679-564-1238,99
817,Claudio,Hayland,VP Sales,chaylandmo@comsenz.com,821-189-4042,8
818,Thibaud,Risely,Computer Systems Analyst III,triselymp@mac.com,448-904-3861,25
819,Cointon,Thonason,Administrative Assistant I,cthonasonmq@kickstarter.com,437-508-4634,87
820,Humfrid,Yakob,Product Engineer,hyakobmr@pen.io,980-445-5443,87
821,Fonzie,Borman,Staff Accountant IV,fbormanms@so-net.ne.jp,493-264-8808,29
822,Victoir,Shewsmith,Librarian,vshewsmithmt@cnbc.com,413-295-4161,82
823,Durand,Mucklestone,Marketing Manager,dmucklestonemu@blinklist.com,304-940-3832,100
824,Zackariah,Lanston,Clinical Specialist,zlanstonmv@bigcartel.com,200-906-6128,19
825,Jen,Orteaux,Engineer I,jorteauxmw@reuters.com,311-127-5308,11
826,Sigismundo,Morrieson,Administrative Officer,smorriesonmx@usa.gov,994-740-9686,44
827,Ammamaria,Mayhou,Legal Assistant,amayhoumy@google.ru,635-627-3741,47
828,Arnoldo,Kennard,Chief Design Engineer,akennardmz@wp.com,649-465-0909,34
829,Julio,Salzen,Marketing Assistant,jsalzenn0@squarespace.com,853-872-8050,84
830,Gerard,Sorby,Engineer IV,gsorbyn1@oracle.com,631-407-8331,47
831,Christoforo,Edlington,Senior Sales Associate,cedlingtonn2@accuweather.com,493-937-6458,97
832,Laverne,Haylett,Senior Financial Analyst,lhaylettn3@linkedin.com,589-970-1675,66
833,Natalie,Laing,Internal Auditor,nlaingn4@thetimes.co.uk,811-569-8168,45
834,Scarlett,Drinkhall,Business Systems Development Analyst,sdrinkhalln5@sogou.com,836-145-8172,11
835,Shandra,Sweeny,Environmental Specialist,ssweenyn6@sina.com.cn,943-470-6790,18
836,Davide,Cruden,Director of Sales,dcrudenn7@vimeo.com,282-326-2193,46
837,Emilee,Hause,Programmer III,ehausen8@imgur.com,951-173-5913,40
838,Tades,Fortescue,Automation Specialist IV,tfortescuen9@php.net,230-539-0633,67
839,Wat,Cubberley,Developer III,wcubberleyna@abc.net.au,547-908-0515,5
840,Dorothee,Sayburn,Physical Therapy Assistant,dsayburnnb@infoseek.co.jp,971-637-5607,5
841,Lynnet,Lemmanbie,Business Systems Development Analyst,llemmanbienc@globo.com,895-932-1031,20
842,Parke,Sirmond,Internal Auditor,psirmondnd@sina.com.cn,298-801-2091,67
843,Beatriz,Sich,Web Designer III,bsichne@soundcloud.com,821-715-3081,45
844,Paxon,Diano,Developer II,pdianonf@bloglovin.com,744-507-2516,58
845,Jany,Teece,Help Desk Technician,jteeceng@qq.com,859-120-5088,56
846,Mara,Reburn,Chemical Engineer,mreburnnh@abc.net.au,183-428-3293,66
847,Genevra,Lelande,Help Desk Operator,glelandeni@sourceforge.net,143-602-3706,25
848,Shermie,Broske,Librarian,sbroskenj@ebay.com,293-392-6199,4
849,Grady,Sibley,Analog Circuit Design manager,gsibleynk@geocities.jp,481-942-6644,45
850,Augustus,Bello,Quality Control Specialist,abellonl@ucoz.com,959-408-9431,30
851,Rooney,Clissett,VP Accounting,rclissettnm@opera.com,985-603-7500,20
852,Dore,MacGregor,Nurse Practicioner,dmacgregornn@wired.com,782-218-4040,42
853,Joshia,Ambroz,Professor,jambrozno@clickbank.net,312-332-6691,44
854,Lenard,Collet,Safety Technician III,lcolletnp@wp.com,557-360-7914,39
855,Jacqui,Ruggiero,Recruiting Manager,jruggieronq@ask.com,221-304-5601,7
856,Constancy,Sedger,Mechanical Systems Engineer,csedgernr@epa.gov,249-976-6429,43
857,Rodolphe,Reubens,Electrical Engineer,rreubensns@bravesites.com,993-102-1557,36
858,Ivan,Farlamb,Executive Secretary,ifarlambnt@shop-pro.jp,212-105-9744,49
859,Kath,Franciskiewicz,Media Manager III,kfranciskiewicznu@mit.edu,313-191-8498,21
860,Brennan,Eilers,Food Chemist,beilersnv@webnode.com,901-534-3491,82
861,Alys,Stead,Budget/Accounting Analyst IV,asteadnw@businessweek.com,620-736-2116,58
862,Baudoin,Coverly,Geologist I,bcoverlynx@newsvine.com,239-390-8261,74
863,Robbyn,Vequaud,Project Manager,rvequaudny@homestead.com,473-214-5862,25
864,Eleanora,Breslauer,Director of Sales,ebreslauernz@example.com,657-214-6880,30
865,Chrissie,Richmont,Human Resources Manager,crichmonto0@columbia.edu,696-436-3965,88
866,Sarajane,Seawright,Marketing Assistant,sseawrighto1@ask.com,530-128-3635,3
867,Oates,Keeves,Graphic Designer,okeeveso2@springer.com,101-777-8558,53
868,Jess,Callf,Nurse,jcallfo3@ucsd.edu,272-464-0026,85
869,Kris,Manueli,Nurse,kmanuelio4@dion.ne.jp,176-962-7811,94
870,Ethan,Brookfield,Design Engineer,ebrookfieldo5@stumbleupon.com,457-259-7277,7
871,Roxanne,Yu,Research Nurse,ryuo6@disqus.com,546-301-1555,72
872,Melinde,Papachristophorou,Editor,mpapachristophorouo7@harvard.edu,224-787-2556,73
873,Saw,Seignior,Senior Sales Associate,sseignioro8@admin.ch,954-809-4505,53
874,Brett,Loddon,Desktop Support Technician,bloddono9@google.com.br,319-299-3111,31
875,Karisa,Corbridge,Automation Specialist IV,kcorbridgeoa@livejournal.com,671-706-5270,9
876,Emeline,Ciubutaro,Safety Technician II,eciubutaroob@opera.com,996-769-3339,15
877,Almeria,Hessenthaler,Assistant Manager,ahessenthaleroc@mysql.com,433-989-2863,6
878,Gerianna,Middleweek,Professor,gmiddleweekod@shinystat.com,310-591-2113,6
879,Fernando,Teece,Media Manager III,fteeceoe@github.io,839-159-9445,82
880,Lanni,Rosenthaler,Sales Associate,lrosenthalerof@last.fm,279-774-8543,45
881,Jeanette,Perton,VP Sales,jpertonog@etsy.com,676-604-0822,71
882,Ilise,Lowers,Automation Specialist I,ilowersoh@adobe.com,485-367-3611,21
883,Moishe,Goodridge,Pharmacist,mgoodridgeoi@un.org,490-427-3068,93
884,Dewie,Tousy,Engineer I,dtousyoj@ucoz.ru,911-360-4718,49
885,Izabel,Poole,Quality Engineer,ipooleok@engadget.com,465-159-4896,2
886,Jud,Rowter,Research Assistant III,jrowterol@i2i.jp,554-116-8765,7
887,Janaye,Knowler,Automation Specialist II,jknowlerom@blogger.com,617-592-6486,6
888,Fielding,Zack,Health Coach III,fzackon@creativecommons.org,393-132-8257,12
889,Aurilia,Musslewhite,Human Resources Manager,amusslewhiteoo@rambler.ru,604-378-5226,88
890,Stella,Slainey,Food Chemist,sslaineyop@goo.ne.jp,764-853-5344,30
891,Myrwyn,Mackley,Cost Accountant,mmackleyoq@deliciousdays.com,343-382-1027,65
892,Milli,Dobbings,Structural Analysis Engineer,mdobbingsor@omniture.com,461-267-5901,81
893,Iormina,McCheyne,Analog Circuit Design manager,imccheyneos@hostgator.com,357-464-6819,47
894,Rooney,Le Gall,VP Accounting,rlegallot@plala.or.jp,774-264-0445,90
895,Harrison,Kynaston,Accounting Assistant IV,hkynastonou@msn.com,269-954-1718,34
896,Danell,Metherell,Staff Accountant II,dmetherellov@jalbum.net,985-747-6137,78
897,Alysia,Dunsmore,Clinical Specialist,adunsmoreow@mozilla.com,496-243-0312,33
898,Christophe,Grizard,VP Quality Control,cgrizardox@bizjournals.com,999-252-7836,52
899,Abdel,Lawlee,Human Resources Manager,alawleeoy@census.gov,271-112-5356,54
900,Eldin,Battabee,Financial Analyst,ebattabeeoz@ebay.com,671-458-4908,77
901,Lebbie,Gilham,Compensation Analyst,lgilhamp0@ftc.gov,212-829-1995,7
902,Denney,Petrasch,Developer I,dpetraschp1@webmd.com,370-143-7367,88
903,Audy,Nezey,Social Worker,anezeyp2@npr.org,849-279-2572,91
904,Bernardina,Halm,Financial Analyst,bhalmp3@sciencedirect.com,624-233-0004,26
905,Nicol,Tibbs,Community Outreach Specialist,ntibbsp4@behance.net,413-913-9343,100
906,Nico,Libri,Marketing Assistant,nlibrip5@bandcamp.com,644-981-5489,81
907,Gauthier,Sillick,Financial Analyst,gsillickp6@delicious.com,144-199-2866,53
908,Teador,Ellsbury,Senior Developer,tellsburyp7@flickr.com,777-700-2033,50
909,Alyson,Derbyshire,Account Representative III,aderbyshirep8@ted.com,829-838-6727,98
910,Hanson,Marquess,Environmental Specialist,hmarquessp9@google.ru,815-898-2605,100
911,Natala,Sherbrook,Speech Pathologist,nsherbrookpa@livejournal.com,659-210-4975,18
912,Winthrop,Guise,Quality Engineer,wguisepb@lycos.com,913-538-9279,51
913,Alf,Conre,Software Consultant,aconrepc@opera.com,688-933-9995,36
914,Curtice,Bodill,Programmer III,cbodillpd@adobe.com,589-701-1795,66
915,Hana,Endacott,Accountant III,hendacottpe@cyberchimps.com,377-502-8583,39
916,Cleve,Marquet,Media Manager II,cmarquetpf@wikipedia.org,255-545-7071,27
917,Cathryn,Fullilove,Developer II,cfullilovepg@amazon.com,420-445-4229,88
918,Orlando,Davidow,Automation Specialist IV,odavidowph@uol.com.br,497-845-1110,97
919,Erastus,Beneyto,Food Chemist,ebeneytopi@bloomberg.com,494-118-4776,3
920,Casie,Bough,Help Desk Operator,cboughpj@tiny.cc,369-805-5751,43
921,Kacie,Lannon,Research Assistant I,klannonpk@bandcamp.com,998-505-7396,87
922,Julian,Romaines,Internal Auditor,jromainespl@phoca.cz,211-313-0117,95
923,Farleigh,Austick,Structural Engineer,faustickpm@unesco.org,494-558-1517,11
924,Fonz,Duly,Analog Circuit Design manager,fdulypn@dailymail.co.uk,303-725-9798,65
925,Berkly,Newe,Editor,bnewepo@pinterest.com,591-443-1729,29
926,Miguela,Dives,Clinical Specialist,mdivespp@aol.com,473-352-1573,73
927,Rafaelia,Flowerden,Environmental Specialist,rflowerdenpq@yellowpages.com,440-267-0208,40
928,Randee,Shrimplin,Database Administrator IV,rshrimplinpr@addtoany.com,716-664-6280,95
929,Corny,Sare,Structural Analysis Engineer,csareps@linkedin.com,183-299-6967,84
930,Rozelle,Niles,Nurse Practicioner,rnilespt@yandex.ru,691-694-9330,17
931,Anissa,Hellikes,Programmer I,ahellikespu@devhub.com,847-210-6213,55
932,Myrilla,Burbidge,Operator,mburbidgepv@eventbrite.com,775-760-1547,6
933,Cirillo,Willey,Graphic Designer,cwilleypw@dailymotion.com,620-926-0505,16
934,Torin,Mackett,Chief Design Engineer,tmackettpx@cisco.com,896-426-3063,77
935,Bronny,Gounet,Help Desk Technician,bgounetpy@guardian.co.uk,338-692-5023,54
936,Wallie,Poyner,VP Accounting,wpoynerpz@drupal.org,850-881-5828,3
937,Paolo,Hadkins,Statistician I,phadkinsq0@hugedomains.com,209-816-4201,34
938,Corella,Kevern,Administrative Assistant I,ckevernq1@indiegogo.com,484-595-2370,22
939,Bronnie,Livingstone,Assistant Media Planner,blivingstoneq2@cloudflare.com,711-430-9157,76
940,Shauna,Dowrey,Administrative Assistant IV,sdowreyq3@seesaa.net,284-978-5836,69
941,Ennis,Grisbrook,Accountant IV,egrisbrookq4@last.fm,125-717-1749,46
942,Efrem,Carmo,Quality Control Specialist,ecarmoq5@miitbeian.gov.cn,984-224-3409,42
943,Ker,Motion,Statistician III,kmotionq6@pen.io,547-326-9195,87
944,Erda,Kleinmintz,Payment Adjustment Coordinator,ekleinmintzq7@utexas.edu,607-592-9612,63
945,Rogerio,Tomasello,Health Coach III,rtomaselloq8@google.es,182-391-8818,99
946,Lazaro,Goodyear,VP Product Management,lgoodyearq9@cornell.edu,381-407-5793,56
947,Arte,Heiss,Nurse,aheissqa@tuttocitta.it,802-592-1744,93
948,Nilson,Ensor,Associate Professor,nensorqb@nhs.uk,314-428-2634,72
949,Juline,Waeland,Senior Financial Analyst,jwaelandqc@nsw.gov.au,853-346-2573,13
950,Bary,Wilgar,Mechanical Systems Engineer,bwilgarqd@omniture.com,910-450-5284,59
951,Pansy,Thyng,Safety Technician IV,pthyngqe@toplist.cz,717-260-7118,29
952,Uri,Dohms,Health Coach III,udohmsqf@vimeo.com,281-111-3303,23
953,Webster,Ivasyushkin,Programmer Analyst III,wivasyushkinqg@virginia.edu,208-324-2834,21
954,Arvin,Whelan,Graphic Designer,awhelanqh@1688.com,831-917-1090,2
955,Riley,Coote,Marketing Assistant,rcooteqi@ning.com,406-193-9646,18
956,Purcell,Bessent,Budget/Accounting Analyst IV,pbessentqj@surveymonkey.com,649-450-3018,25
957,Ramonda,Carlisi,Account Executive,rcarlisiqk@wix.com,558-263-2024,88
958,Lavinie,Thoresby,Media Manager IV,lthoresbyql@mtv.com,482-583-3141,31
959,Tierney,Conahy,VP Marketing,tconahyqm@edublogs.org,561-380-5009,98
960,Asia,McGaughie,Accounting Assistant IV,amcgaughieqn@sun.com,953-767-0456,81
961,Thibaud,Dilkes,Nurse,tdilkesqo@wikipedia.org,220-212-7501,82
962,Corey,Gagin,Environmental Specialist,cgaginqp@goodreads.com,117-562-4618,54
963,Catherina,Pattie,Account Coordinator,cpattieqq@edublogs.org,148-921-8113,80
964,Letti,Cords,Assistant Professor,lcordsqr@mlb.com,484-303-4255,46
965,Malchy,Tomala,Analog Circuit Design manager,mtomalaqs@noaa.gov,906-786-6381,51
966,Hillery,Kensley,Actuary,hkensleyqt@123-reg.co.uk,942-553-0288,36
967,Juliann,Adamiec,Chief Design Engineer,jadamiecqu@slate.com,358-578-8259,1
968,Halette,Ozanne,Cost Accountant,hozanneqv@google.co.jp,817-513-8957,27
969,Henrik,Lishmund,Research Assistant I,hlishmundqw@imageshack.us,449-950-5514,57
970,Clem,Ginity,Programmer Analyst III,cginityqx@paginegialle.it,414-292-2361,24
971,Shirlee,Arndt,Software Engineer IV,sarndtqy@blogtalkradio.com,519-313-8195,87
972,Nichols,Traves,Executive Secretary,ntravesqz@squarespace.com,997-918-6658,4
973,Philippine,Otson,VP Sales,potsonr0@imgur.com,537-595-0548,79
974,Henderson,Davidoff,Design Engineer,hdavidoffr1@lycos.com,355-926-3093,8
975,Carmelina,Presser,Software Consultant,cpresserr2@accuweather.com,798-116-6801,89
976,Iggy,Chasmoor,VP Sales,ichasmoorr3@nifty.com,295-589-0364,27
977,Edgardo,Ramsdale,Information Systems Manager,eramsdaler4@google.es,120-725-7683,20
978,Sauncho,Cockhill,Research Associate,scockhillr5@yandex.ru,366-143-6671,34
979,Ivette,Tasseler,Account Representative II,itasselerr6@samsung.com,928-893-9486,99
980,Rudiger,Heakey,Database Administrator II,rheakeyr7@comcast.net,715-908-5493,81
981,Shoshana,Marnes,Payment Adjustment Coordinator,smarnesr8@blogger.com,155-150-9256,49
982,Donielle,Ogelsby,Account Representative I,dogelsbyr9@biblegateway.com,102-749-1075,65
983,Carling,Fysh,Nurse,cfyshra@etsy.com,560-740-6721,1
984,Loralyn,Trigg,Human Resources Assistant IV,ltriggrb@dell.com,641-629-3466,31
985,Rab,Terrans,Sales Representative,rterransrc@plala.or.jp,847-139-0594,17
986,Valma,De Lacey,General Manager,vdelaceyrd@theglobeandmail.com,660-822-8248,39
987,Tyrone,Hamp,Librarian,thampre@prweb.com,425-581-3109,54
988,Camey,Hollibone,Quality Control Specialist,chollibonerf@bloglovin.com,121-545-2978,80
989,Bastien,Bowe,Budget/Accounting Analyst IV,bbowerg@multiply.com,451-652-6586,11
990,Bonny,Catton,Assistant Manager,bcattonrh@topsy.com,743-339-6904,90
991,Milena,Doxsey,Systems Administrator III,mdoxseyri@phpbb.com,649-389-7833,13
992,Winifield,Legg,Administrative Officer,wleggrj@alexa.com,820-532-2340,94
993,Dewie,Fronek,Research Associate,dfronekrk@google.pl,866-484-7118,68
994,Gleda,Masic,Chemical Engineer,gmasicrl@topsy.com,428-316-8445,74
995,Saree,Dobing,Systems Administrator III,sdobingrm@squarespace.com,920-979-7300,50
996,Conway,Teodori,Quality Control Specialist,cteodorirn@livejournal.com,223-611-1690,31
997,Bartolemo,Atack,Quality Engineer,batackro@unblog.fr,527-725-6596,23
998,Darsie,De La Hay,Nurse Practicioner,ddelahayrp@xing.com,932-297-0219,96
999,Star,Goskar,Recruiting Manager,sgoskarrq@arizona.edu,726-369-5741,99
1000,Euphemia,Lemonnier,Computer Systems Analyst I,elemonnierrr@delicious.com,586-245-7016,55
